index,year,month,day,title,contents,related_stocks
1,2018,2018,28,6月28日鄂尔多斯新圣天然气价格暂稳,2018年6月28日，内蒙古鄂尔多斯市杭锦旗新圣天然气有限公司LNG价格平稳至3450元/吨，装置运行稳定，实际成交价格可商议，市场成交尚可。,['鄂尔多斯']
1,2018,2018,28,6月28日鄂尔多斯新圣天然气价格暂稳,2018年6月28日，内蒙古鄂尔多斯市杭锦旗新圣天然气有限公司LNG价格平稳至3450元/吨，装置运行稳定，实际成交价格可商议，市场成交尚可。,['鄂尔多斯']
2,2018,2018,29,水皮：美团被迫上市 持续烧钱必定需要输血来续命,"摘要
如果说小米上市打的是阵地战，声势浩大的话，那么美团打的就是闪电战，阴不出声地突然就开始了上市的进程。


　　没有最大，只有更大。　　如果说小米上市打的是阵地战，声势浩大的话，那么美团打的就是闪电战，阴不出声地突然就开始了上市的进程。　　美团上市600亿美元估值超京东？　　根据美团上市的估值来看，它的估值要到600亿美元左右，它的融资是10%，募资60亿美元左右。　　这个估值如果真的确立的话，很大程度上美团的估值就超过了京东的市值，而且还有可能与小米争夺今年港股融资的第一宝座。应该讲，王兴带领美团上市这一战，打的是出人意料，同时又在情理之中。　　为何大家都关注它的估值呢？因为美团和京东相比，美团的营业额、收入都不可同日而语。　　2017 年，京东成交额为10000亿元左右，美团成交额是3570亿左右；美团点评全年交易量不足京东的三分之一，营业额的话就更少了，不足京东的十分之一；而且美团在过去一年亏损了28亿元，但是京东已经挣了50亿元的利润。　　所以从这个角度来讲，美团的估值其实并不低。　　美团被迫上市？　　众所周知，美团成立8年，经历了“千团大战”，而且靠烧钱打拼，活活把大众点评干掉了，前段时间还并购了摩拜，美团业务是一个比一个烧钱。　　2017年年底的时候，美团现金有190多亿，短期理财还有200多亿，加起来是400多亿的存量。到了今年一季度，实际上它的现金是200多亿，短期理财只有67亿，也就是说，里里外外加起来大概少了200亿左右，这应该与并购摩拜有很大的关系。此外，可以从公开的账目上看到，还有106亿的应付账款。　　所以美团现金持有数量下降，或者未来对现金需求也很大，这也就能解释为什么要这个时候迅速上市的重要原因。　　持续烧钱必定需要输血来续命　　现在国内市场也好，国际市场也好，显而易见，流动性都是在紧缩过程中，过去十年那种烧钱时代已经一去不复返。　　新经济初始阶段都非常烧钱，京东上市的时候也没有盈利，但是上市之后环境日益改善，它形成了垄断地位之后开始盈利。美团现在还没有盈利，还在形成规模经济的过程中，美团也明确说了并购的摩拜未见得会盈利，所以它烧钱的地方有很多，对现金储备的要求就更高。　　目前的情况就是这样，谁手中的现金多，谁就可能度过下一个冬天。　　如果说从机构市场PE、VC里资金融无可融的话，那么为什么不趁着二级市场投资者能给自己比较高的估值的时候，到二级市场来完成上市呢？　　一方面，可以融一笔钱，60亿美元也不是一笔小数目；另外一方面，也能给老股东提供交易的流动性，这是一举两得的事情，我认为美团不会错失良机。",['京东']
3,2018,2018,26,助力中国企业出海东南亚 跨境收款引领者又有新动作,"6月26日，跨境收款引领者PingPong与东南亚与台湾最大电商平台Shopee在深圳举行首发大会。会上，PingPong与Shopee达成战略合作，正式接入Shopee六大站点(马来西亚、台湾、印度尼西亚、泰国、菲律宾、新加坡)，将携手其响应“一带一路”倡议，助力中国企业出海东南亚。
　　PingPong CMO卢帅表示：“东南亚是”一带一路“倡议的重要一站，处在互联网飞速普及的阶段。Shopee是东南亚与台湾地区最大的电商平台，PingPong很荣幸可以携手Shopee共同前行。PingPong和Shopee的战略合作将帮助中国品牌触达东南亚超6亿消费者、抓住新兴市场机会，助力中国品牌进一步赢得全球竞争力。未来，PingPong也将开启更多服务，持续赋能中国企业走出去。”
　　Shopee跨境业务总经理刘江宏指出：“为充分满足跨境卖家的需求，Shopee致力于丰富产品与服务的多样性，此次合作就是最好的实践。我们很高兴与PingPong成为战略合作伙伴，为中国卖家提供更多支付选择，优化一站式跨境卖家解决方案。作为地区领先的电商平台，Shopee將携手更多合作伙伴进一步拓展业务，持续成为东南亚与台湾消费者线上移动购物平台的首选。”
　　据谷歌的一项数据显示，2025年，东南亚地区互联网经济将增长至 2000亿美元。其中，东南亚电商正是最有发展潜力的领域之一。目前，已有越来越多中国电商企业进军东南亚，Shopee正是他们的首选。而PingPong作为第一家进军东南亚的中国跨境收款企业，将以优质的跨境收款服务，构建中国跨境企业走出去的基础设施服务，助推他们在海外的发展之路。
　　除此之外，针对中国跨境企业融资难的问题，PingPong还将为中国出海跨境电商企业提供企业资本化等方面的服务。在活动现场，PingPong的投资方清华控股旗下沃富金信董事总经理狄凯、赛伯乐投资合伙人袁智勇为跨境卖家解析如何获得资本青睐。据悉，PingPong鸿鹄基金首期资方已集结完毕，将在未来针对跨境行业的优秀企业进行投融资服务，助力中国制造转型升级。
　　据悉，Shopee是东南亚与台湾地区最大电商平台。2017年Shopee GMV达到41亿美金，同比增长258%；2018年第一季度，Shopee GMV更达到19亿美金，同比增长199.5%。在东南亚，Shopee占据多个市场移动购物APP下载榜单第一位。目前，Shopee已与多家中国企业建立了海外合作，包括小米、荣耀和格力等。
　　PingPong是跨境收款行业的创新引领者，致力于以多种创新服务改善中国跨境电商行业生态，以光年提前收款服务、福贸出口退税、VAT缴纳等全方位优化跨境卖家的利润结构。目前，PingPong客户已超15W+，业务覆盖区已超43个国家和地区，日交易峰值达1亿美金。
　　同时，PingPong是首家取得欧元核心区支付牌照的中国金融科技公司，也是中国唯一一家同时拥有美欧日港支付牌照的跨境收款企业。PingPong也是中国(杭州)跨境电子商务综合试验区指定跨境资金清算机构，上海跨境公共服务平台官方战略合作伙伴，投资机构包括中国国际金融有限公司(中金Fintech产业基金)、全球最大共同基金富达国际、中国最大券商直投之一广发证券等。",['广发证券']
4,2018,2018,26,6月26日晚间央视新闻联播集锦,"中国共产主义青年团第十八次全国代表大会在京开幕
　　中国共产主义青年团第十八次全国代表大会26日上午在人民大会堂开幕。习近平、李克强、栗战书、汪洋、赵乐际、韩正等党和国家领导人到会祝贺，王沪宁代表党中央致词。
　　人民大会堂万人大礼堂气氛热烈。主席台上方悬挂着“中国共产主义青年团第十八次全国代表大会”的会标，后幕正中悬挂的团徽熠熠生辉，10面鲜艳的红旗分列两侧。二楼眺台上悬挂着“高举习近平新时代中国特色社会主义思想伟大旗帜，在中国共产党坚强领导下，不忘初心，牢记使命，奋力谱写决胜全面建成小康社会、全面建设社会主义现代化国家的壮丽青春篇章！”巨型横幅。1500多名来自全国各地的团十八大代表，肩负着8100多万共青团员的重托出席大会。
　　上午9时30分，中共中央总书记、国家主席、中央军委主席习近平等步入会场，全场响起热烈的掌声。
　　大会主席团常务委员会委员贺军科宣布大会开幕。全体起立，高唱国歌，全体高唱团歌。
　　随后，10名少先队员向大会献词。他们有的来自革命老区，有的来自民族地区，有的是勤学孝老的好榜样，有的是热心公益环保的好少年。少先队员响亮的声音表达了对美好未来的期待，展现了立志全面发展，为实现中华民族伟大复兴的中国梦作准备的决心。
　　王沪宁代表党中央发表了题为《乘新时代东风放飞青春梦想》的致词。王沪宁首先向大会的召开表示热烈祝贺，向全国各族青年、全体共青团员和广大青少年工作者致以诚挚的问候。
　　王沪宁在致词中说，在以习近平同志为核心的党中央坚强领导下，团十七大以来，共青团提高政治站位、增强“四个意识”，坚决维护以习近平同志为核心的党中央权威和集中统一领导，锐意进取、真抓实干，深入推进共青团改革，狠抓从严治团，各项工作实现新发展，团干部团员面貌呈现新气象。广大青年自觉把个人奋斗融入党和人民的共同奋斗中，展现出当代青年爱党爱国的坚定信念、勇于创造的生机活力、甘于奉献的优良品格、自信开放的国际形象。
　　王沪宁表示，习近平总书记关于青年工作的重要思想，为做好新时代党的青年工作指明了前进方向。实现党的十九大提出的决胜全面建成小康社会、开启全面建设社会主义现代化国家新征程的宏伟蓝图，当代青年重任在肩。希望广大青年牢记习近平总书记的谆谆教诲，始终坚定理想信念，着力锤炼高尚品格，不断增长能力才干，永远保持奋斗精神，勇于投身创新创造，勇当实现中华民族伟大复兴的生力军，奏响新时代的青春之歌。
　　中华全国总工会党组书记、书记处第一书记李玉赋代表中华全国总工会、中华全国妇女联合会、中国文学艺术界联合会、中国作家协会、中国科学技术协会、中华全国归国华侨联合会、中华全国台湾同胞联谊会、中国残疾人联合会向大会致贺词。贺词指出，各群团组织要发挥各自优势，加强相互支持，密切团结协作，共同书写新时代党的群团事业新篇章。
　　贺军科代表共青团第十七届中央委员会作了题为《高举习近平新时代中国特色社会主义思想伟大旗帜奋力谱写决胜全面建成小康社会全面建设社会主义现代化国家的壮丽青春篇章》的报告。报告分为8个部分：进入新时代的中国青年和共青团；强国时代青年的历史使命；用习近平新时代中国特色社会主义思想统领共青团工作；培养担当民族复兴大任的时代新人；青春建功新时代；大力促进青年发展；共青团改革再出发；全面从严治团。
　　中共中央书记处书记，全国人大常委会、国务院、全国政协、中央军委有关领导同志出席会议。
　　中央和国家机关有关部门、各人民团体、北京市负责同志，部分在京离退休的曾在团中央书记处工作的领导同志，首都各族各界团员青年代表参加开幕式。
　　李克强与法国总理共同出席中法企业家座谈会
　　国务院总理李克强6月25日下午在人民大会堂与法国总理菲利普共同出席中法企业家座谈会，来自中法两国制造业、能源、金融等行业30余家企业的负责人参加。双方企业家围绕中法经贸投资等问题进行讨论。两国总理听取了企业家代表的发言并同他们互动交流。
　　李克强表示，中法之间有传统友谊，两国企业有长期合作基础、发展空间广阔。中国对外开放的大门会越开越大。中国扩大开放本身就是为了维护和促进自由贸易体制，这也将为世界各国企业带来发展机遇。欢迎法方企业抓住机遇，进一步扩大对华合作，争取取得更多务实合作成果。
　　在回答关于法方企业愿同中方开展高技术合作的问题时，李克强表示，中方张开双臂欢迎法方企业加强对华高技术领域合作。中方将严格保护知识产权，绝不允许强制转让技术。在回答关于人员往来的问题时，李克强表示，中方正在积极推进改革和开放，为包括法国在内的外国企业家、商务人士来华开展业务提供更多便利，推动扩大中外人员往来规模，为推进务实合作提供更好条件。今天座谈会的目的就是要了解和处理两国企业界的关切和问题。相信两国政府会积极回应和处理企业关注的问题。希望通过这种方式，使我们的合作更为顺畅、领域更加宽广。
　　菲利普表示，法方为两国企业合作迄今取得的成果感到高兴，支持以开诚布公的方式讨论问题、推进合作。双方企业今后可以开拓更多新的合作领域，中小企业可以成为新的合作主体，欢迎中方加大对法投资。
　　全国政协十三届常委会第二次会议举行全体会议汪洋出席
　　政协第十三届全国委员会常务委员会第二次会议26日下午举行全体会议，中共中央政治局常委、全国政协主席汪洋出席。14位全国政协常委、委员围绕“解决深度贫困地区脱贫问题”作大会发言。
　　大家在发言中认为，在以习近平同志为核心的党中央的坚强领导下，我国脱贫攻坚已取得决定性进展，谱写了人类反贫困史上的辉煌篇章。脱贫攻坚已进入攻坚拔寨、啃硬骨头的关键阶段，要以习近平扶贫思想为指导，认真落实党中央、国务院决策部署，扎实推进深度贫困地区脱贫攻坚。
　　罗志军常委建议，夯实稳定脱贫基础，巩固脱贫攻坚成果，建立防止返贫的预警监测机制；杨明生常委建议，更好发挥金融保险在深度贫困地区脱贫攻坚中的作用，用保险守住来之不易的脱贫成果；达久木甲常委建议，在集中连片整体深度贫困地区拓展精准扶贫对象范围，加大财政政策支持力度，创新实施帮扶特惠政策；秦博勇和石爱中常委在联合发言中建议，强化监管和统筹，确保扶贫资金管理使用安全高效；李世杰常委代表民建中央发言建议，多措并举发展农村电商，助力打赢深度贫困地区脱贫攻坚战；王伟光常委提出，建立健全深度贫困地区扶贫制度，建立扶贫投入长效机制；王会生常委建议，防范化解潜在风险，扎实推进产业扶贫；姜大明常委建议，用好用足城乡建设用地增减挂钩政策，为脱贫攻坚开辟新的资金渠道；王林旭常委建议，开展文化扶贫工作，推动民族地区经济社会发展和全面进步；马志伟常委在发言中说，要关爱脱贫攻坚战中涌现的优秀干部，把扶贫脱贫工作中的感人故事留存下来；王培安委员代表全国政协人口资源环境委员会发言提出，健康扶贫是打赢脱贫攻坚战的关键，要进一步理清思路，聚焦重点，构建长效机制，实现贫困人口“基本医疗有保障”；林毅夫常委提出，承接劳动密集型加工业转移，实现新疆绿洲经济地区精准脱贫；高体健常委建议，设立大别山国家绿色发展示范区，大力支持革命老区打赢脱贫攻坚战；赖明常委代表九三学社中央发言提出，要发挥民主党派作用，在脱贫攻坚中彰显多党合作制度优势。
　　会议还听取了全国政协副主席兼秘书长夏宝龙等作的关于人事事项的说明。
　　全国政协副主席董建华主持会议。
　　韩正会见香港特别行政区行政长官
　　中共中央政治局常委、国务院副总理韩正26日下午在中南海紫光阁会见香港特别行政区行政长官林郑月娥，就《粤港澳大湾区发展规划纲要》听取意见和建议。
　　韩正充分肯定了林郑月娥就任行政长官一年来带领管治团队依法施政、积极作为所取得的成绩。他表示，建设粤港澳大湾区是习近平总书记亲自谋划、亲自部署、亲自推动的国家战略。要以习近平新时代中国特色社会主义思想为指导，全面准确贯彻“一国两制”方针，严格依照宪法和基本法办事，着力促进粤港澳优势互补、合作共赢、协同发展，让大湾区广大人民群众共享发展成果。希望香港抓住历史性机遇，充分发挥在金融、航运、贸易以及专业服务等方面的优势，积极参与粤港澳大湾区建设。
　　林郑月娥表示，香港特别行政区政府一直参与规划编制工作，香港社会各界对规划充满期待，相信建设粤港澳大湾区能为香港带来新的发展机遇。
　　何立峰参加会见。
　　王岐山会见缅甸联邦议会议长兼民族院议长
　　国家副主席王岐山26日在中南海会见缅甸联邦议会议长兼民族院议长曼温楷丹。
　　王岐山说，在继承传统友谊基础上发展好中缅全面战略合作伙伴关系符合两国人民根本利益。习近平主席同缅甸领导人为推进新时代中缅关系指明了方向，双方要保持高层交往势头，加强沟通、加深了解、巩固互信、加强合作，实现互利共赢和多赢。中方支持缅方为保持国内和平稳定、实现国家发展所做努力，愿在“一带一路”框架下积极推进中缅经济走廊建设，加强中缅各领域特别是农业水利、基础设施、能源等重点领域务实合作。
　　曼温楷丹表示缅中胞波情谊源远流长，缅方很高兴看到中国发展建设取得巨大成就，感谢中方给予的宝贵支持，希望加强缅中经济走廊建设及各领域合作。
　　国新办：2018中国国际智能产业博览会将举行
　　国务院新闻办公室今天召开发布会，宣布首届中国国际智能产业博览会将于8月23日到25日在重庆举办，主题为“为经济赋能，为生活添彩”。智博会期间，将举办大数据智能化主峰会，设置综合展、大企业展、创新展、专题展四大主题展区，举办无人驾驶、“黑科技”评选大赛等。
　　国内联播快讯
　　贫困地区农产品产销对接行动启动
　　今天，农业农村部联合有关部门，启动2018全国贫困地区农产品产销对接行动。我国14个集中连片贫困地区的453个县，以及来自全国的1000多家采购商，参与了此次对接行动。首场对接活动现场签约超过54亿，总采购额达到127亿元。 
　　北京至和田援疆旅游专列发车
　　北京西至和田的“京和号”援疆旅游专列日前由北京出发，途经吐鲁番、和田、哈密、库尔勒、敦煌、张掖等地，行程16天。今年7月、8月，还将各开行一趟“京和号”旅游专列。
　　青海绿色发展投资贸易洽谈会开幕
　　今天，第十九届中国青海绿色发展投资贸易洽谈会在西宁开幕，主题是“开放合作绿色发展”，将推出总投资约2300亿元197个招商引资项目，涵盖新能源、新材料等11个领域。
　　南北方多地遭遇强降雨高温也不停歇
　　从昨天开始，我国多地遭遇强降雨。四川广元、绵阳、德阳等地部分河流水位暴涨，多条街道被洪水淹没，多处山体滑坡道路塌方，当地相关部门迅速启动抢险。山东全省40个县(市、区)平均降雨量超过100毫米，济南市区一度交通受阻。黑龙江哈尔滨今天下午雷电冰雹持续了近1个小时，城区多处低洼路段积水严重。
　　暴雨扰人，高温也不停歇。北京、江西、重庆频发高温预警。今天午后的北京热浪滚滚，加上空气湿度大，感觉非常闷热。在南昌街头，街上行人、骑电动车的市民用上了各种“防晒装备”。未来5天，上述地区高温持续。
　　国际联播快讯
　　美摩托制造商拟将部分生产移至海外
　　为反制美国对欧盟钢铝产品加征关税，欧盟日前决定将从美国进口的哈雷-戴维森摩托车关税提高25个百分点。为减轻此举对其销量的影响，哈雷-戴维森摩托车公司25日宣布，决定将销往欧盟的摩托车生产从美国转向海外工厂。分析人士认为，这一事件表明美国政府的贸易保护主义政策最终会伤害依赖海外市场的美国企业。
　　2018俄罗斯世界杯：西葡惊险携手出线乌拉圭胜俄罗斯
　　2018俄罗斯世界杯小组赛B组最后一轮的比赛今天凌晨进行，葡萄牙队对阵伊朗队，上半场结束前葡萄牙队夸雷斯马打破僵局。下半场裁判通过视频回放判给葡萄牙队一个点球，可惜C罗主罚的点球被扑出，错失扩大比分的良机。补时阶段，伊朗队通过点球将比分扳平。最终两队战成1:1，葡萄牙队获得小组第二涉险晋级，伊朗则遗憾出局。
　　西班牙同摩洛哥队的比赛同样一波三折，西班牙队两次落后，最终凭借补时阶段的进球艰难追平比分，并以小组第一名的成绩晋级。
　　稍早进行的A组比赛缺乏悬念，此前俄罗斯和乌拉圭已经携手晋级，最终在小组头名的较量中，乌拉圭3:0完胜东道主俄罗斯队。另外一场比赛，沙特阿拉伯队2:1战胜埃及队赢得荣誉之战。接下来的淘汰赛，乌拉圭将对阵葡萄牙，俄罗斯对阵西班牙。
　　北京时间今晚22点丹麦将迎战法国，澳大利亚将对战秘鲁。明天凌晨2点，阿根廷将在生死战中对阵尼日利亚，冰岛将和克罗地亚展开较量。","['好未来', '国华', '保险', '澳优', '农产品', '哈雷']"
5,2018,2018,28,国务院办公厅印发《关于做好证明事项清理工作的通知》,"摘要
【国务院办公厅印发《关于做好证明事项清理工作的通知》】日前，国务院办公厅印发《关于做好证明事项清理工作的通知》(以下简称《通知》)，对做好证明事项清理工作作出部署。（新华网）


　　日前，国务院办公厅印发《关于做好证明事项清理工作的通知》(以下简称《通知》)，对做好证明事项清理工作作出部署。
　　《通知》要求，要贯彻落实党中央、国务院关于减证便民、优化服务的部署要求，做好证明事项清理工作，切实做到没有法律法规规定的证明事项一律取消。各地区、各部门要对法律、行政法规设定的证明事项进行梳理，逐项提出取消或保留的建议。各地区、各部门自行设定的证明事项，最迟要于2018年年底前取消。
　　《通知》提出，司法部要做好组织实施工作，加强对国务院各部门清理工作的跟踪、督促和指导，确保于2018年年底前完成证明事项清理工作，清理工作完成后向国务院报告情况。根据各地区、各部门的建议，对确需保留的证明事项，组织公布清单，逐项列明设定依据、开具单位等。清单之外，政府部门、公用事业单位和服务机构不得索要证明。对取消证明事项涉及修改法律、行政法规的，及时启动法律、行政法规修订程序。
　　《通知》强调，各地区、各部门要以本次清理工作为契机，通过公布新的办事指南、大力推行告知承诺制等方式，进一步转变行政管理方式，规范行政行为，切实改进服务作风，提升监管效能。要加强督促检查，对下级机关违法增加证明事项和证明材料、提高证明要求、随意将行政机关的核查义务转嫁给群众和企业的，及时纠正查处；对未及时纠正查处、引发不良社会影响的，严肃追究相关责任人的责任。",[]
6,2018,2018,27,统计局：5月工业企业利润同比增21% 延续快速增长势头,国家统计局今日发布的工业企业财务数据显示，2018年1-5月份，全国规模以上工业企业利润同比增长16.5%，增速比1-4月份加快1.5个百分点；其中，5月份增长21.1%，比4月份增速减缓0.8个百分点，延续了快速增长的势头。　　国家统计局工业司何平认为，尽管5月份工业利润增速比4月份略有回落，但依然保持快速增长，除成本下降因素外，也得益于价格上涨。利润增长的来源主要是钢铁、建材和化工等原材料加工利用行业。　　何平表示，1-5月份工业企业利润数据显示出两大特点，一是供给侧结构性改革成效持续显现，主要体现在成本下降和杠杆率降低；其次是工业企业效益总体持续改善，体现在产成品存货周转加快以及盈利能力明显增强。　　以下为各项分类数据：　　1-5月份，规模以上工业企业中，国有控股企业实现利润总额8103.5亿元，同比增长28.7%；集体企业实现利润总额93.1亿元，增长4.4%；股份制企业实现利润总额19119.8亿元，增长20.6%；外商及港澳台商投资企业实现利润总额6739.1亿元，增长6.9%；私营企业实现利润总额7466.2亿元，增长10.6%。　　1-5月份，采矿业实现利润总额2333.6亿元，同比增长41.6%；制造业实现利润总额23150.1亿元，增长13.8%；电力、热力、燃气及水生产和供应业实现利润总额1814.6亿元，增长26.1%。　　1-5月份，在41个工业大类行业中，31个行业利润总额同比增加，10个行业减少。主要行业利润情况如下：煤炭开采和洗选业利润总额同比增长14.8%，石油和天然气开采业增长2.6倍，农副食品加工业增长1.3%，石油、煤炭及其他燃料加工业增长27.9%，化学原料和化学制品制造业增长27.7%，非金属矿物制品业增长44.6%，黑色金属冶炼和压延加工业增长1.1倍，通用设备制造业增长9.6%，专用设备制造业增长22.2%，汽车制造业增长0.5%，电气机械和器材制造业增长1.9%，计算机、通信和其他电子设备制造业增长4.3%，电力、热力生产和供应业增长27.8%，纺织业下降0.1%，有色金属冶炼和压延加工业下降11.5%。　　1-5月份，规模以上工业企业实现主营业务收入42.9万亿元，同比增长10.2%；发生主营业务成本36.3万亿元，增长9.8%；主营业务收入利润率为6.36%，同比提高0.35个百分点。　　5月末，规模以上工业企业资产总计108.8万亿元，同比增长7.4%；负债合计61.6万亿元，增长6.3%；所有者权益合计47.2万亿元，增长8.8%；资产负债率为56.6%，同比降低0.6个百分点。　　5月末，规模以上工业企业应收账款13.5万亿元，同比增长10.6%；产成品存货41246.3亿元，增长7.3%。　　1-5月份，规模以上工业企业每百元主营业务收入中的成本为84.49元，同比减少0.31元；每百元主营业务收入中的费用为8.1元，同比减少0.04元；每百元资产实现的主营业务收入为96元，同比增加2.4元；人均主营业务收入为126.1万元，同比增加14万元；产成品存货周转天数为16.6天，同比减少0.2天；应收账款平均回收期为45.5天，同比持平。　　5月份，规模以上工业企业实现利润总额6070.6亿元，同比增长21.1%，增速比4月份放缓0.8个百分点。,[]
7,2018,2018,28,刚刚 深中通道沉管隧道开工了,"6月28日，21世纪经济报道记者获悉，深中通道沉管隧道建设再有突破性进展，深中通道项目沉管隧道实现开工。
　　据广东省交通集团消息称，深中通道顺利签订项目沉管隧道施工承包合同，标志着继钢壳试验段开工后，深中通道沉管隧道建设再有突破性进展，也意味着深中通道项目沉管隧道实现开工。
　　按照计划，深中通道沉管隧道工程总工期为64个月，将于2019年9月开始管节预制，预计于2023年7月具备通车条件，深中通道全线预计于2024年建成通车。
　　难度前所未有
　　28日上午10:30，深中通道管理中心与广东省长大公路工程有限公司与广州打捞局联合体(S08标)，中交第一航务工程局有限公司、中交第四航务工程局有限公司与中交广州航道局有限公司联合体(S09标)正式签订项目沉管隧道工程施工承包合同，标志着项目沉管隧道建设迈出关键一步。
　　参与项目设计全过程的深中通道管理中心总工程师宋神友认为，深中通道是集结“桥、岛、隧、水下枢纽互通”的世界级高难度工程。项目全长24公里，采用东隧西桥方案。其中，长约6.8公里、世界首次使用的双向八车道超宽钢壳混凝土沉管隧道具有“超宽、变宽、深埋、回淤量大、挖砂坑区域地层稳定性差”五大技术难点，工程规模和技术难度前所未有。
　　在钢壳制造方面，项目钢壳沉管隧道用钢量非常大，总量达到了32万吨。每个标准管节的尺寸为46×10.6×165米，用钢量约1万吨，体量相当于一艘中型航空母舰船体。项目共32个管节，包括有615米长的变宽管节，管节最宽处达55米，是目前世界上最长最宽的海底沉管隧道。
　　在混凝土浇筑方面，沉管隧道单个管节由超过2500多个独立仓格构成，仓格数量多，混凝土浇筑面临包括自密实混凝土性能要求高，对原材料与配合比、环境温度、泵送时间和距离、浇筑温度、速度、混凝土品质等要求非常高，确保质量稳定性难度大；单个管节舱室数量大、规格多，工艺参数控制及施工组织难度大；密肋封闭结构，混凝土不易填充密实，施工难追溯，脱空缺陷难检测；钢壳结构易受环境和混凝土水化热影响，温度变化大；大规模施工精细化管理困难，混凝土损耗控制等。
　　在结构方面，项目采用钢壳混凝土沉管隧道结构，在国内属首次应用、国际首次大规模应用，国内缺乏相应设计标准、建设技术及经验，尤其在混凝土浇筑质量控制、管节多次转场的结构质量控制以及管节长距离浮运安装的风险管控等都面临非常大的挑战。
　　在安全方面，伶仃洋水道是珠江口最繁忙的黄金水道，沉管的浮运与伶仃洋水道的通航相互影响，安全生产问题面临严峻挑战。
　　科研攻关克困难
　　沉管隧道工程具有规模大、工期紧、标准高、接口多、管理复杂、测控精度高难度大等复杂建设条件。沉管隧道混凝土浇筑及安装工程施工分2个标段。其中，由广东省长大公路工程有限公司及广州打捞局组成联合体(S08标)将负责钢壳沉管隧道E23~E32管节的施工，包括预制场建设、沉管混凝土浇筑、沉管舾装、浮运航道开挖及维护、沉管浮运沉放、沉管回填等施工。计划将于2019年9月开始管节预制，2020年8月沉放首节沉管(E32)，2022年6月份完成该标段最后一节沉管(E23)浮运沉放。
　　另一方面，由中交一航局、中交四航局和中交广航局组成联合体(S09标)主要施工任务包括管隧道全线的基槽开挖及维护清淤、钢壳沉管E1~E22管节和最终接头的施工以及西人工岛岛上隧道、岛桥结合部非通航孔桥、岛上建筑等施工。预计沉管隧道工程总工期为64个月，按照计划将于2023年7月具备通车条件，全线计划将于2024年建成通车。
　　广东交通集团有限公司党委书记、董事长邓小华指出，“针对钢壳制造、自密实混凝土浇筑、管节浮运和安装等技术难点，各参建单位要坚持创新驱动发展战略，在接下来的建设中，充分利用信息化、智能化等最新的技术成果进行科研攻关，按期有序推进项目建设。”
　　深中通道管理中心党总支书记、主任陈伟乐会上与施工单位交流时表示，“S08、S09标是关系到深中通道项目能否按期通车的控制性标段，管理中心将联同施工单位，尽快做好总体施组规划，组建强有力的、顶级的技术团队加大科研攻关力度，加快完成关键装备的研制、核心设备采购和制造工作。”
　　项目建设进展顺利
　　作为国家“十三五”重大工程及粤港澳大湾区交通一体化建设的战略性通道，深中通道的建设是我国交通基础设施建设又一个重要的里程碑。
　　目前，深中通道项目建设稳步推进。先行工程西人工岛至2018年6月上旬，西大岛塑料排水板、降水井施工已经完成，岛壁结构挤密砂桩施工及大岛内地基处理正有序进行。项目东人工岛及主线堰筑段隧道正在开展围堰钢板桩打设施工、堰筑段清淤施工，以及广深沿江高速桥墩桩基保护施工。沉管隧道钢壳制作已于4月份正式启动试验段制造，预计2018年内完成钢壳智能制造生产线建设并投入生产。桥梁土建施工及监理已完成招标，正在组织进场中，9月份开始大规模施工，预计11月完成钢结构制造招标。",[]
8,2018,2018,27,统计局：1-5月黑色金属冶炼和压延加工业利润增长1.1倍,统计局：5月份工业利润增长主要反映成本下降、价格上涨以及杠杆率降低、产成品存货周转加快以及盈利能力明显增强；利润增长的来源主要是钢铁、建材和化工等原材料加工利用行业。　　1-5月份，全国规模以上工业企业实现利润总额27298.3亿元，同比增长16.5%，增速比1-4月份加快1.5个百分点。　　利润增长的来源主要是钢铁、建材和化工等原材料加工利用行业　　1-5月份，新增利润较多的行业主要是：黑色金属冶炼和压延加工业，利润增长1.1倍；非金属矿物制品业，增长44.6%；化学原料和化学制品制造业，增长27.7%；石油和天然气开采业，增长2.6倍；电力热力生产和供应业，增长27.8%。这五个行业对全部规模以上工业企业利润增长的贡献率近70%。　　1-5月份，在41个工业大类行业中，31个行业利润总额同比增加，10个行业减少。主要行业利润情况如下：煤炭开采和洗选业利润总额同比增长14.8%，石油和天然气开采业增长2.6倍，农副食品加工业增长1.3%，石油、煤炭及其他燃料加工业增长27.9%，化学原料和化学制品制造业增长27.7%，非金属矿物制品业增长44.6%，黑色金属冶炼和压延加工业增长1.1倍，通用设备制造业增长9.6%，专用设备制造业增长22.2%，汽车制造业增长0.5%，电气机械和器材制造业增长1.9%，计算机、通信和其他电子设备制造业增长4.3%，电力、热力生产和供应业增长27.8%，纺织业下降0.1%，有色金属冶炼和压延加工业下降11.5%。,"['专用设备', '有色金属']"
9,2018,2018,29,央行重申货币政策保持中性,"临近年中，市场利率再次被“赶考”的机构推高。6月28日，国债逆回购利率出现一波上涨，其中1天期隔夜国债逆回购(CG001)涨幅接近90%，最高触及12.4%，另外多期限国债逆回购利率也一度升破10%；上海银行间同业拆放利率(Shibor)虽在近期多项政策的合力呵护下整体下行，但跨6月末考核时点的一周、两周期产品利率也悄然爬升。当日晚间，央行发布货币政策委员会2018年二季度例会内容，重申稳健的货币政策保持中性。业内人士认为，季末资金面难免有波动，但平稳跨季可期。
　　重申货币政策中性
　　据央行官网6月28日晚间发布的公告，货币政策委员会2018年二季度例会于6月27日在北京召开。会议指出，要继续密切关注国际国内经济金融走势，加强形势预判和前瞻性预调微调。稳健的货币政策保持中性，要松紧适度，管好货币供给总闸门，保持流动性合理充裕，引导货币信贷及社会融资规模合理增长。继续深化金融体制改革，健全货币政策和宏观审慎政策双支柱调控框架，疏通货币政策传导渠道。
　　这一政策基调在央行公开市场操作已有所体现。在临近年中考的6月28日，央行实施800亿元7天逆回购，当日有600亿元7天、500亿元14天、700亿元28天逆回购到期，由此当日实现净回笼资金1000亿元。央行货币政策司表示，从历年规律看，6月是财政支出大月，预计当日财政支出吸收央行逆回购到期等因素后还将适当补充银行体系流动性。
　　但在重申货币政策保持中性的同时，央行的措辞有了微变。在今年一季度货币政策执行报告中使用的措辞还是“保持流动性合理稳定”。此次，有关流动性的表述为“保持流动性合理充裕和金融稳定运行”。这一措辞的改变在6月20日召开的国务院常务会议中就已提及。
　　央行呵护资金面的意图也较为明显，本月央行释放流动性工具运用的频率提高。截至6月28日，央行在本月共进行了32次逆回购操作，分别是7天、14天和28天，合计投放资金1.29万亿元；同时间段到期的逆回购共回笼资金1.33万亿元，净回笼资金400亿元。不过，6月24日，央行公布年内的第三次降准，决定从2018年7月5日起，下调法定存款准备金0.5个百分点，进一步推进市场化法治化“债转股”，加大对小微企业的支持力度，这次降准将向市场释放大约7000亿元左右的资金量。
　　年中考推升国债逆回购利率
　　受资金面整体平稳影响，作为观察货币松紧晴雨表的上海银行间同业拆放利率(Shibor)连续下行。6月28日，除一周、两周Shibor利率微涨外，其他品种都呈下跌态势，其中隔夜Shibor利率跌幅最大，为15.6个基点，报2.289%，也是连续第6天下跌。
　　不过，临近年中，在市场资金旺盛需求下，国债逆回购利率又出现一波上涨。6月28日，国债逆回购利率拉升，上交所GC001开盘成交在7.7%，最高触及12.4%，截至收盘报9.495%，涨幅高达88.58%；GC002开盘报7%，日内最高触及11%，截至收盘报9.2%，涨幅40.24%；GC003和GC004日内最高也升破10%，收盘时小幅回落到9.2%左右，但涨幅也在近30%。
　　深交所国债回购品种的利率走出振幅更大的“过山车行情”。其中，1天国债回购(R-001)开盘报6.1%，最高触及12.304%，截至收盘报5.65%，涨幅46.75%；R-002、R-003和R-004开盘均在5%上下，日内最高均达到10%上下，收盘又回落到4%甚至3.5%。
　　为何Shibor和国债逆回购利率出现不尽相同的走势？业内人士介绍，Shibor是系统重要性银行的理论借款成本，是一个报价均值，许多报价行本身还会根据自身的资金紧张情况酌情在Shibor上加点、减点。以一周Shibor为例，外汇交易中心显示的6月28日报价为2.841% ，比前一日涨0.7个基点，中信银行、光大银行的报价均在这一水平之上，分别为2.95%和2.9%。
　　透过一周、两周期的Shibor利率，也能看出机构在年中“赶考”的迹象。北京商报记者注意到，一周期Shibor自6月25日便开始上行，至6月28日累计涨幅2.2个基点；两周期Shibor自6月19日开始上行，至6月28日累计涨幅14.8个基点。从发行日期推算，这两只期限的产品均跨过6月末考核时点。
　　去杠杆节奏将更温和
　　事实上，在央行4月17日宣布降准置换中期借贷便利(MLF)后，市场资金面也曾连续几天反常的紧张，隔周1天期隔夜国债逆回购盘中一度升破10%，2-7天期品种利率普遍维持在6%以上，多家银行大额存单利率也在同期“加价”。银行缺钱的困窘表露无遗。
　　但这也说明，今年以来央行的降准已不是“大水漫灌”的代名词。联讯证券首席宏观研究员李奇霖认为，定向宽松是经济防风险的需要，也是为了缓解去杠杆过程中，对民营和小微企业不对称的负面冲击。他分析称，今年以来去杠杆的方向已经发生变化，去年政策着力点是金融机构的负债端，而今年是金融机构的资产端。天风证券银行业首席分析师廖志明预计，当前偏紧的信用环境将有所改观，去杠杆节奏更加温和。
　　对于近在眼前的年中考，不少业内人士认为，季末资金面难免有波动，但平稳跨季可期。500金研究院院长肖磊表示，市场整体缺钱的状况可能还会持续，但降准等措施也将发挥作用，目前看半年考加剧了资金的稀缺效应，但也给市场传递了资金成本信号，会抑制一定的资金需求，再加上降准很快实施，流动性会得到一定缓解。
　　中南财经政法大学产业升级与区域金融湖北省协同创新中心研究员李虹含也表示，定向降准释放的流动性没有直接的利息成本、没有到期时间，因此会直接降低银行资金成本，并给商业银行提供稳定的长期流动性。
　　对于当前的货币基调，兴业证券研报指出，货币政策仍不离稳健中性的总基调，只是在当前国内外日趋复杂的经济金融环境下，进一步强化了预调微调的作用，央行会更加关注市场预期的稳定，更快应对外部冲击。","['上海银行', '银行', '中信银行', '光大银行', '兴业证券']"
10,2018,2018,27,央行开展600亿元逆回购操作 今年净回笼1500亿元,央行27日发布公告称，从历年规律看6月份是财政支出大月，越临近月末支出力度越大，预计未来几日财政支出吸收央行逆回购到期等因素后还将推高银行体系流动性总量。　　为稳定半年末资金面，保持银行体系流动性合理充裕，人民银行于6月27日以利率招标方式开展了7天期600亿元逆回购操作。因公开市场今日有700亿元7天期、400亿元14天期、1000亿元28天期逆回购到期，故单日净回笼1500亿元。,['银行']
11,2018,2018,29,工业和信息化部：科学设定体现制造业高质量发展指标体系,"6月29日从工业和信息化部获悉，6月28日，工业和信息化部组织召开“制造业高质量发展战略研究”重大课题启动会，工业和信息化部副部长、课题组组长罗文主持会议。
　　会上，工业和信息化部政策法规司司长梁志峰代表部政策法规司、科技司汇报了课题前期工作情况，中国电子信息产业发展研究院副院长王鹏汇报了课题研究思路和框架，与会专家和相关司局负责人就课题研究方法和需要关注的重点问题提出了意见建议。
　　罗文对课题研究提出了明确要求：一是要厘清高质量发展阶段制造业发展面临的内外部挑战；二是科学设定体现制造业高质量发展的指标体系，形成正确的发展导向；三是实施路径要坚持问题导向，政策措施要务实可行；四是加强对典型地区和典型行业的案例分析，提升研究的针对性和有效性。制造业高质量发展战略研究时间紧、任务重、责任大，课题组要全力以赴形成高质量的研究成果，切实服务于制造强国建设，服务于经济高质量发展。",['电子信息']
12,2018,2018,27,海南省继续阶段性降低社保费率,"海南省人社厅和省财政厅近日下发通知，为进一步降低海南省企业用工成本、增强企业发展活力，根据人力资源社会保障部、财政部《关于继续阶段性降低社会保险费率的通知》，结合我省实际，经省政府同意，我省继续阶段性降低城镇从业人员基本养老保险、失业保险和工伤保险费率。
　　通知规定，自2018年5月1日起，《海南省城镇从业人员基本养老保险条例》第二条第一款(一)、(二)、(四)、(五)项中企业性质的用人单位，其基本养老保险继续执行19%的单位缴费比例至2019年4月30日；自2018年5月1日起，我省失业保险继续执行1%的总费率(单位0.5%，个人0.5%)至2019年4月30日；自2018年5月1日起，我省工伤保险在用人单位(含建筑业按项目参加工伤保险)现行费率基础上下调50%至2019年4月30日。
　　通知要求，相关部门要加强基金收支管理，防范和化解基金运行风险，确保参保人员各项社会保险待遇标准不降低和待遇按时足额支付。",['保险']
13,2018,2018,27,中国两大电子信息产业央企实施重组,"国务院国资委官网27日发布消息称，经报国务院批准，武汉邮电科学研究院有限公司与电信科学技术研究院有限公司实施联合重组。
　　此番重组并非毫无预告。2017年11月23日晚间，烽火通信、光迅科技、长江通信等多家公司公告称，公司控股股东武汉邮电科学研究院正在与电信科学技术研究院筹划重组事宜，重组方案尚需获得有关主管部门批准。
　　直至国资委本日发文，重组事宜可谓尘埃落定。同时，国资委官网“央企名录”一栏显示，国资委直属央企减少至97家。
　　公开资料显示，武汉邮电科学研究院是中国光通信的发源地，是中国主要的信息通信领域产品和综合解决方案提供商，曾是直属国务院国有资产监督管理委员会管理。该公司设立有：“光纤通信技术和网络国家重点实验室”“国家光纤通信技术工程研究中心”“国家光电子工艺中心(武汉分部)”“国家高新技术研究发展计划成果产业化基地”“信息产业光通信产品质量监督检验中心”“亚太电信联盟培训中心”，是集光电器件、光纤光缆、光通信系统和网络于一体的通信高技术企业，旗下拥有多家上市公司和控股公司。
　　电信科学技术研究院总资产规模近500亿元人民币，是一家专门从事电子信息系统装备开发、生产和销售的大型高科技中央企业，是中国无线移动通信产业主力军，拥有无线移动通信、集成电路设计与制造、特种通信等三大产业，已成为TD-SCDMA市场主流供应商，旗下拥有大唐电信、高鸿股份两家上市公司。
　　两家同属电子信息产业的央企实施重组被看作是大势所趋，但也有业内人士指出，尽管双方存在业务互补性，却在行业内竞争力不强，重组后仍难以撼动行业格局。","['烽火通信', '光迅科技', '长江通信', '电子信息', '高鸿股份']"
14,2018,2018,29,新政策加持 动汽车自驾运动营地产业迎来爆发式增长,"在近日，体育总局印发《体育总局办公厅关于加快推动汽车自驾运动营地产业发展的通知》(以下简称《通知》)提出了完善营地布局、加快设施建设、培育市场主体、丰富赛事活动、推进综合发展等六项工作措施。同时提出到2025年每省(区、市)力争建成300家汽车自驾运动营地。
　　在业内人士看来，《通知》内容更细致化、更具落地性。诸多政策接连加持助力，加上市场元素刺激，营地行业正呈现数量型增长趋势。不过，营地行业发展程度偏低、盈利能力偏弱、区域发展不平衡等现象，目前也较为突出，实现从量变到质变仍有一个过程。
　　更细致的政策
　　对于《通知》内容，日光域集团总裁、露营天下创始人孙建东认为，这是一个更加细致、更具指导性意义的文件，对一线从业者及地方政府来说有了更具体的抓手，相比此前相关政策，这一文件在地方的落地方面提出了具体操作层面的要求。
　　他认为，新兴行业的政策落地会有一定难度，政策的更具体化有助于地方层面更好的理解，以及有据可循的落地。
　　而从另一维度看待新政策的出台，也即意味着这个行业还存在需政策推动解决的问题。数据显示，截至2016年底，全国汽车自驾车营地数量已超过500个，全国汽车自驾运动营地的产业覆盖面、社会参与度、市场认可度都实现了大幅提升。但体育总局、国家发改委、原国家旅游局去年7月联合出台的《汽车自驾运动营地发展规划》提到，我国汽车自驾运动营地发展规模和水平还不能满足人民群众日益增长的多样化消费需求。营地标准体系不完善、市场监管不到位、配套设施尚不健全、赛事活动内容不丰富，服务创新不够、市场需求与有效供给失衡矛盾并存，迫切需要加强统筹规划和规范引领。
　　孙建东认为，目前汽车自驾运动营地，总体还属于初级发展阶段。中国的营地早期简单模仿国外的逻辑，彼时国外的房车产业及房车营地发展比较完善和成熟，所以在落地时会做成房车营地的概念，造成很多早前一批的营地生存比较艰难。中国目前房车产业的状态不够完善，房车保有量还很低，是一个原因。
　　另一方面，汽车的保有量不断扩大，自驾游市场扩增，但现阶段对营地的认识还有偏差，比如一些地方政府部门认为营地必须要和房车挂钩，才能称为营地，导致做出来的产品不一定为自驾服务，其配套设施并不完全匹配自驾运动，存在供需脱节情况。
　　数量型增长
　　在记者的采访中，“爆发”是不少营地从业者共同提及的词。相关报告显示，2016年中国营地数量、房车销量、房车生产厂家以2倍以上的速度增长。截至2016年，营地总数达958个(建成469个、在建489个)。到2017年，中国营地总数达1273个(含在建)，新建成营地356个，已建成营地数量增速达76%。同时，房车销量2017年增长28%。
　　有预测认为，按目前发展趋势，预计到2020年，中国营地数量将突破3000个，中国营地行业市场规模或将达万亿级别。不过这背后依然有着不容忽视的问题。包括营地数量和房车数量与国际水平差距巨大；营地区域发展不平衡，东西部差异大，主要分布在东部沿海区域；欠缺全国性品牌运营商，没有形成集群效应等。
　　目前营地整体运营情况较为一般，整体盈利能力还偏弱。公开报告数据显示，2017年中国营地平均出租率仅38%，相比2016年的48%还下降10%，且淡旺季明显，平均出租率淡季为20%、旺季为93%；营位出租为主要收入来源，消费链条不够完整，平均净利润率为8%。从投资角度看，2017年营地规模比2016年加大，但平均投资规模及平均投资强度下降，分别从6558万降至4139万、34万/亩降至20万/亩，而投资回报率仅有4%。
　　事实上，营地仍缺乏统一标准的规划，其建设水平参差不一，同质化现象严重，无法满足用户需求。加上经营管理经验和相应人才缺乏，诸多服务水平还有待提高。此外，我国现有营地推出的露营旅游产品比较单一，季节性变化差，注重观光忽略参与性，游客需求难以满足。
　　业内人士认为，在营地体量扩增的同时，整体上还没有形成一个很好的盈利模式。其一，营地的商业逻辑还处于摸索和检验调整阶段；其二，早期营地从业者多是玩家，玩户外、玩房车，如中科院建筑设计研究院规划研究所所长绪宪亮所言，只是把国外模式搬到国内，但没有探求到营地市场的真正需求点，对营地逻辑理解相对狭隘，从业者的能量和水平还有所欠缺。
　　从量变到质变仍需要过程
　　在孙建东看来，营地更大的市场机会已经很明显，大家都在抢这个风口，但如果选址、定位、投资模式等不太对，可能导致出现盈利问题。他同时提到近两年有一个非常显著的变化，即一些酒店、地产类优秀企业正跨界进入营地行业，带来一些专业的开发运营理念，有可能把营地行业带到一个新方向乃至新高度。
　　这种专业体现在营地场景的打造、消费链条的构建，以及对投资有非常清晰的精算，而不像早前传统的营地从业者盲目投资拿地建设。他以一家知名酒店集团为例，该集团在打造营地产品时，对每个产品的成本控制、回报周期等，在投资之前已有非常清晰的测算。比如在客房里增加一个浴缸还是不增加，两者的定价差多少钱，都有精确测算。这几个维度的清晰化要达到的效果是，让市场定位或客群定位更精准，这样更容易形成盈利模式。
　　孙建东认为，从跨界的逻辑来说，未来景区、旅游特色小镇或体育特色小镇，可能都要配套营地，作为一种基础性配套来提供营地服务，或者说作为这些领域的重要“入口”。一种可能是游客去某个景区，不是因为景区本身，而是其配套的营地，自驾游的不断扩增是一个支撑逻辑。
　　这也使得营地具备了更多的盈利可能性，其市场想象空间更大，对吸引资本的进入有帮助。孙建东透露，资本对营地行业有很多关注，但可能因为盈利模式还不够清晰，真正“下手”的资本还不是很多。
　　目前来看，资本的接续涌入已是趋势，加上新政策推动，营地行业的发展也自在情理之中。有预测认为，2018年中国营地将仍旧以数量型增长为主，但更加重视品质、运营和服务，提升单个营地的综合实力也是趋向。
　　孙建东认为，按照中国市场的供给需求，预判营地在未来三到五年甚至更长时间内，还将有大规模的数量增长，在三年左右的时间里会有一些营地企业被收编，形成连锁化、品牌化运营，这是质量的一个变化。",[]
15,2018,2018,29,PPP加强版核心文件酝酿出台 专家：防风险仍为重点,"摘要
【PPP加强版核心文件酝酿出台】《经济参考报》记者获悉，PPP领域将迎来加强版纲领文件，初稿或于近期完成。业内人士透露，防风险仍为核心，10%红线变动可能性不大，防范地方政府借道基金预算违规操作也是重点方向；同时，将着力加强项目入库管理，第三方机构规范，理清权责分配，完善制度保障。（经济参考报）


　　 《经济参考报》记者获悉，PPP领域将迎来加强版纲领文件，初稿或于近期完成。业内人士透露，防风险仍为核心，10%红线变动可能性不大，防范地方政府借道基金预算违规操作也是重点方向；同时，将着力加强项目入库管理，第三方机构规范，理清权责分配，完善制度保障。　　目前正在修订的两份核心文件为2014年底财政部发布的《政府和社会资本合作模式操作指南(试行)》(财金[2014]113，以下简称“113号文”)以及2015年4月发布的《政府和社会资本合作项目财政承受能力论证指引》(财金[2015]21号，以下简称“21号文”)。其中，113号文是我国本轮推广PPP模式中出台时间最早、规定事项最完整的政策文件，21号文则为保障政府履行合同义务，有效防范和控制财政风险提供重要支撑。　　两份文件运行的这三年多，是我国PPP行业高速发展的时期，经历了项目的爆发期，也暴露出一些问题，包括借道PPP变相融资、注重短期利益轻视长期运营，个别地区还出现纯付费的、政府兜底类的“假股真债”等现象。　　期间，财政部、发改委等部委及许多地方政府相继出台了大量更为细致的规定，针对具体问题作出调整，整顿、清理违规项目，并推进示范项目建设。与此同时，也一直在酝酿纲领性文件的进一步完善。　　中国财政科学研究院PPP研究所政策研究室主任鄢晓发对《经济参考报》记者透露，针对PPP模式在发展中出现的新问题、新需求，财政部已经开始组织专家修订这两份文件。　　“市场急需更加规范的纲领性文件，在基础设施和公共服务领域PPP条例未出台之前，这种纲领性文件对市场具有明显的引导作用。”中国财政科学研究院PPP研究所成果转化室主任卓识表示。　　此次法案修订，财政承受能力10%红线是否有调整备受关注。卓识表示，“10%的红线，是在参考借鉴国际通行标准(6%-7%)的基础上、结合我国城镇化发展实际需要、经过反复论证最终确定的‘上限’，依照总量控制原则，从全国财政收入和支出的全方位通盘进行考虑的，所以10%红线不太可能有变化。”　　针对很多地方借基金预算，规避10%红线的现象，一家PPP咨询公司负责人说，“土地是地方政府投资项目最重要的资源，利用基金预算进行操作则是地方比较熟练的操作模式。甚至有些PPP项目在一般公共预算里一分钱都没有，全部都在政府性基金预算里，政府以土地等形式进行补贴，规避了10%财政承受能力红线限制。”　　基金预算不稳定，周期与PPP回报也不匹配，相比一般预算，评估和管理都将更加困难。并且考虑投资人要求的风险溢价，基金预算支出成本将会更高，这无形中加大了政府财政支出责任。因此，如何合理、规范地使用政府基金预算会成为21号文的修订重点之一。　　鄢晓发指出，对于如何规范政府基金预算在PPP项目中的应用，目前有两个方向，一是把一般公共预算和基金预算统一纳入财政支出能力评估范围并统一管理，这相当于扩大了财政支出的分母基数，会涉及10%比例如何平衡的问题；二是两者分开评估和管理，需要设定以基金预算形式参与PPP的规范问题。不管哪种形式，一些以不合理运用基金预算为手段，变相突破10%红线的行为都将在修订版文件中得到规范。　　除了继续打好防风险攻坚战，还应该加强对PPP项目入库的管理和规范。卓识建议，参照行政管理和政府信息公开条例，保障项目信息公开，健全信息反馈渠道，进一步加强市场对项目推进和PPP行业发展的信心。　　下一步，还要加强对PPP咨询机构的管理。卓识表示，PPP行业已经走过了市场的自我调节阶段，政府在PPP咨询市场将会出台更多的干预措施，预计将从行业划分、区域划分、从业人员要求等方面，对PPP咨询机构进行更加规范化的管理。　　此外，本次文件修订的另一个重点，就是厘清政府和社会资本的权责分配问题。将双方享有的权利和承担的风险更加合理化，同时利用权责机制，促进PPP项目发挥更大的效用，避免资源和资金的浪费。　　最后，还要从根本上强化制度保障。业内人士表示，积极推进PPP立法，制定PPP项目全生命周期管理制度，加速落实“法律+政策+操作指引+合同”四位一体的PPP制度构建，是确保PPP规范有序推进的重要保障。　　相关报道>>>　　个别PPP中介恶意低价抢标须整治　　PPP投资规模、总量双下降 专家建言瞄准经营类项目商机　　PPP核心文件正在修订 10%财政承受能力“红线”会被突破吗",[]
16,2018,2018,28,中小企业占南京市全市规上工业总量八成,"6月27日是联合国确定的第二个“国际中小企业日”，记者从当天市经信委、市中小企业服务中心举办的主题论坛上获悉，近年我市中小微企业发展呈现出质量、效益同步提升的良好态势，今年1—5月，中小企业累计实现主营收入3675亿元，占全市规上工业总量的八成。 
　　市经信委中小企业处副处长刘尊瑞介绍，去年我市共有2569家规上中小工业企业，累计实现工业总产值7281亿元；全市注册私营企业累计达到55万户，注册资本1.9万亿元、增长45.4%。今年1—5月，全市规上中小工业企业累计实现主营收入3674.9亿元，同比增长12.2%，占全市规上工业总量的79.4%；累计交纳税收171.2亿元，占全市规上工业企业交纳税收总额的52.8%；累计支付职工薪酬134.7亿元，同比增长8.2%，中小企业从业人员37.6万人，占规上工业企业从业总人数的61.7%。 
　　为推动中小企业高质量发展，为工业经济持续增长提供有力支撑，我市自2014年启动“专精特新”中小企业培育工程，每年入库培育企业超过100家。目前全市“专精特新”入库培育企业共有708家，其中市级“单项冠军”培育企业30家，省级“科技小巨人”企业21家，国家级“单项冠军”企业5家。 
　　目前，全市共有市级以上小微“双创”基地98家，其中国家级2家，省级42家，全市小微“双创”基地建筑面积达到580万平方米，入驻小微企业超过7000家，吸纳就业12万人以上。",[]
17,2018,2018,28,央企履责十年国投晒社会责任成绩单,"6月28日，国家开发投资集团有限公司(以下简称国投)在京举行发布会，庆祝中国共产党成立97周年并发布《党建报告(2013-2017)》和《2017企业社会责任报告》。
　　这是国投第十次发布年度社会责任报告。2008年国务院国资委印发《关于中央企业履行社会责任的指导意见》，十年来国投坚持每年发布报告。同时作为央企中唯一的投资控股公司，国投也一直在探索具有投资公司特色的履责之路。本次发布会国投首次提出“五心行动”责任品牌计划，明确了公司新的责任理念和社会责任体系架构。
　　国投党组书记、董事长王会生出席会议并致辞。王会生介绍，国投首次把服从服务于国家战略，以灵活的双手为美好生活补短板，为新兴产业做导向，明确写入社会责任报告。他说：“央企目前最大的社会责任就是脱贫攻坚。”对于国投来说，履行社会责任是与生俱来的使命。国投将产业扶贫、智力扶贫和乡村治理能力的建设结合起来，探索符合中国国情的精准扶贫模式。国投首创基金式扶贫，运用扶贫基金引导资本，对贫困地区具有特色和发展潜力的产业进行投资，以市场化路径促进贫困地区的产业发展，带动贫困群众就业，实现精准脱贫，稳定脱贫。
　　王会生说，国投连续第十年发布社会责任报告，披露公司履行社会责任的进展与成效，同时创新性提出国投社会责任品牌计划——“五心行动”责任品牌计划。该计划明确公司社会责任体系架构，指引公司社会责任实践方向，努力创造经济、社会和环境的可持续价值，服务国家战略，服务公司发展，服务人民对美好生活的需求，是新时代国投履责尽责的里程碑。
　　国投党组副书记、总经理施洪祥解读“五心行动”并发布《国投2017企业社会责任报告》。他指出，国投首次创新性提出从心出发、匠心经营、倾心守护、真心奉献、爱心相通“五心行动”责任品牌计划，与国投的政治责任、经济责任、环境责任、社会责任、海外责任相对应。
　　具体来说：初心是一切工作的起点。2017年，国投深入学习贯彻党的十九大精神，推进党建重点工作在公司落实落地，全面加强党组织对公司各项事业的领导。“卓越党建管理”在国投近500个基础党组织实践运用，有效解决基层党建工作“四个化”问题。中组部党建读物出版社出版发行“卓越党建管理”系列丛书——《国有企业党组织工作实务》，为国有企业提供了可复制、可推广的党建工作经验和鲜活案例。
　　匠心是恪守使命的担当。2017年，国投与中央部委、地方政府、中央企业广泛展开战略合作；发起设立并管理国家新兴产业创业投资引导基金、京津冀科技成果转化创业投资基金等多只具有重要社会影响力的基金，引领投资了宁德时代、“蓝鲸1号”超深水钻井平台等一大批先进制造业项目。金融业务方面，国投安信与国投资本重组整合，实现了集团金融资产的整体上市。2017年，国投实现利润182亿元，连续13年获国务院国资委经营业绩考核A级。
　　倾心是美丽家园的守护。2017年，国投继续加大对水电、风电、光伏、生物质能等清洁能源的投资开发力度，着力将雅砻江水电打造成世界级清洁能源示范基地。通过发展绿色金融，探索绿色融资渠道。中投保成为“京津冀区域大气污染防治中投保投融资促进项目”执行机构，建立起绿色融资促进平台。国投北疆成功发行国内首单绿色短期融资券。2017年，节能减排投入资金100,419万元，供电煤耗同比下降6.95克标煤/千瓦时，减少二氧化碳排放约79.83万吨。
　　真心是家国天下的情怀。2017年，国投无偿捐赠资金总额4,427.13万元。截至2017年底，国投参与设立并管理的贫困地区产业发展基金和中央企业贫困地区产业投资基金完成投资项目78个，项目投资金额102亿元，引领撬动社会资本超1,000亿投入贫困地区。这些投资项目投产后将带动24万贫困人口就业，可为贫困人口提供收入15亿元/年，为地方政府提供税收13亿元/年。
　　爱心是互联互通的语言。2017年，国投国际业务营业收入总额333.03亿元，国际业务资产总额425.89亿元。其中，“一带一路”沿线国际业务资产总额255.6亿元，占总额比重超过76%。
　　中国社会科学院工业经济研究所所长黄群慧代表第三方对国投《2017企业社会责任报告》发表意见。他认为，报告紧扣新时代、新要求，围绕“五心行动”责任品牌计划和国家重大发展战略，全面、客观、深入地反映了国投2017年在政治、经济、社会、环境等方面的履责实践及成效，是一份充满新意和诚意的企业社会责任报告。
　　国务院国资委副秘书长彭华岗说，今年是国投集团发布社会责任报告的第十个年头，十年时间见证了国投快速发展：总资产由1758亿元增长到4941亿元，经营收入从421亿元增加到1013亿元，实现利润从50亿元增幅到182亿元，连续13年获得国资委年度经营业绩考核A级和连续四个任期获得业绩优秀企业。
　　彭华岗说，在履行社会责任上，国投是合格的答卷人。国投在创造出自身价值的同时，牢记以国家战略为己任的初心和使命，把回馈社会、造福人民作为理念和追求，实现了社会责任和企业经营的有效融合，向创建伟大企业迈出了坚实的步伐。他代表国资委对国投提出三点要求：一、坚持党的领导，做党建工作的标杆；二、坚持深化改革，做综合改革的标杆；三、坚持履行社会责任，做造福社会的标杆。希望国投始终坚持铸就伟大企业的梦想，服务服从于国家战略，创新开展“五心行动”，以灵活的双手为美好生活补短板，为新兴产业做导向，让改革发展的成果更好地惠及全体人民，更好地满足新时代人民群众对美好生活的向往和需求。","['宁德时代', '国投资本']"
18,2018,2018,27,发改委：完善企业外债备案登记管理 防范外债风险,"据国家发改委官方微博消息，为切实有效防范外债风险和地方政府隐性债务风险，守住不发生系统性风险的底线，近日，国家发展改革委、财政部联合印发了《国家发展改革委财政部关于完善市场约束机制严格防范外债风险和地方债务风险的通知》。为准确理解和全面把握《通知》的有关精神，推动《通知》顺利实施，记者采访了国家发展改革委有关负责人。
　　问：请介绍一下《通知》出台的背景。
　　答：近两年，我们注意到，部分企业尤其是房地产、地方政府融资平台等企业外债发行规模有所增加。这些企业评级情况参差不齐，有的经营收入和利润不高，自身实力有限，但申请备案登记的外债规模偏大，动辄五、六亿美元，甚至高达数十亿美元，申请发债规模与自身实力不相匹配。有的缺乏以项目本身收入偿还贷款的能力。部分企业由于没有外汇收入来源，抵御汇率波动风险能力较弱。
　　为全面贯彻落实党的十九大和十九届二中、三中全会精神，认真落实中央经济工作会议和全国金融工作会议部署，切实有效防范外债风险和地方政府隐性债务风险，守住不发生系统性风险的底线，国家发展改革委会同财政部对企业特别是地方国有企业的外债风险进行了深入研究，于近期联合印发了《关于完善市场约束机制严格防范外债风险和地方债务风险的通知》，从完善公司治理结构、强化信息披露、加强监管协作等方面，对下一阶段企业发行中长期外债工作进行了部署。
　　问：请介绍企业境外发债管理工作的主要情况及下一步工作思路。
　　答：2015年9月我委发布《关于推进企业发行外债备案登记制管理改革的通知》(以下简称“2044号文”)，实施企业外债备案登记制管理改革，为企业境外发债提供了较大便利，受到市场主体的普遍欢迎。2017年，企业境外发债2358亿美元。2018年1-5月，企业境外发债992亿美元，同比基本持平。
　　目前存在的问题主要包括三个方面：一是境外发债主体结构有待进一步优化，比如地方城投公司评级整体较低，房地产企业境外发债规模增长较快等。二是企业境外发债风险防控需要加强，部分企业自身资信情况一般，外债偿还能力受到关注。三是部门之间外债管理协调配合机制有待完善。
　　为解决上述问题，需要我们不断改进完善企业境外发债备案登记工作。下一步，我们将会同有关部门，按照“控制总量、优化结构、服务实体、审慎推进、防范风险”的外债管理原则，健全本外币全口径外债和资本流动审慎管理框架体系，合理控制外债总量规模，优化外债结构，有效防范外债风险。一是着力优化外债结构，重点支持一批综合经济实力强、国际化经营水平高、风险防控机制健全的大型企业和金融机构赴境外发债，引导资金投向创新发展、绿色发展、新兴产业、高端制造业以及乡村振兴、京津冀协同发展、长江经济带、“一带一路”建设和国际产能合作等重点领域项目，加大对实体经济的支持力度，有力推进供给侧结构性改革和新旧动能转换，推动经济高质量发展。二是尽快制定《企业发行外债登记管理办法》。在总结外债备案登记两年多来实行效果的基础上，进一步听取地方、企业、金融机构、中介机构等方面的意见建议，明确发债企业资质要求和条件标准，完善备案登记申报方式和办理程序，不搞变相行政审批，防止自由裁量，为企业跨境融资提供更多便利。同时，加强外债信息汇总和事中事后监管，明确违规约束措施，规范备案登记管理。三是规范企业举债有关资质要求和资金投向，加强外债风险预警，出台违规行为惩戒措施，完善市场约束机制。同时，引导规范房地产企业境外发债资金投向，房地产企业境外发债主要用于偿还到期债务，避免产生债务违约，限制房地产企业外债资金投资境内外房地产项目、补充运营资金等，并要求企业提交资金用途承诺。四是督促指导市场主体和中介机构主动加强国际资本市场分析研判，合理配置资产负债，优化币种和久期匹配。引导企业使用货币互换、掉期、远期外汇、期权等衍生产品防范汇率风险，降低债务成本，增强偿付能力。五是完善部门间协同监管机制，主动加强与国家外汇局等部门的沟通协调和信息共享，强化监管统筹。
　　问：关于加强外债风险防范，《通知》提出了哪些具体要求？
　　答：一是着力支持综合经济实力强、国际化经营水平高、风险防控机制健全的大型企业赴境外市场化融资。
　　二是要求拟举借外债企业具有完善的公司治理结构、管理决策机制和财务管理制度，实现实体化运营，同时企业要加强外债的“借、用、还”全过程管理。
　　三是鼓励企业外债募集资金重点用于支持创新发展、绿色发展、新兴产业、高端制造业以及“一带一路”建设和国际产能合作等。外债资金支持的募投项目，要建立市场化的投资回报机制，形成持续稳定、合理可行的财务预期收益。
　　四是规范拟举借企业外债信息的披露。在相关文件中，要明确举借债务由发债企业作为独立法人负责偿还。
　　五是引导拟举借外债企业关注外汇市场变化，灵活运用货币互换、利率互换、远期外汇买卖、期权、掉期等金融产品，合理持有外汇头寸，有效防控外债风险。
　　六是加强事中事后监管和对违规发债企业、中介机构等主体及其主要负责人的问责力度，实施跨部门联合惩戒，及时公开通报，并限制相关责任主体新申请或参与外债备案登记工作。
　　问：《通知》下发后还有哪些工作考虑？
　　答：为确保《通知》能够得到有效贯彻执行，国家发展改革委将着力做好三项工作。一是加强宣传引导，督促有关部门、企业及中介机构按照通知要求做好企业境外发债有关工作。二是加强指导监督，着力提高全国发展改革系统的监管能力。三是加强惩戒处罚力度。我委将会同有关部门加强对企业外债发行领域信用体系建设，将外债发行违规主体和相关责任人纳入信用记录，实施联合惩戒。此外，将对境外发债违规企业及相关中介机构实行“三次警示制度”，根据企业违规次数，分别采取约谈、通报违规行为，以及暂停其外债备案登记或参与发行外债资格等惩戒措施，近期我们已专门发布了新闻稿件对此进行重点解读。","['微博', '房地产']"
19,2018,2018,28,商务部：世贸组织成员从中国巨大的市场中获得机会,"今日，国新办今日就《中国与世界贸易组织》白皮书有关情况举行发布会，商务部副部长兼国际贸易谈判副代表王受文在发布会上介绍，没有一个WTO成员因为中国加入世贸之后经济恶化，中国加入世贸组织以后，又有24个经济体加入了世贸组织，他们也从中国巨大的市场中获得了机会。
　　以下为发布会实录：
　　记者：有观点认为加入世贸组织以后，中国成为了多边贸易体制的最大受益者，同时其他的成员因此吃了亏，请问您对此怎么看待？
　　王受文：中国加入世贸组织以后，中国开放了我们的商品市场，中国开放了我们的货物市场，开放了我们的投资市场。这些开放为全世界的贸易伙伴，不论是发达成员还是发展中成员，都带来了巨大的机会。可以说中国加入世贸，为中国、为我们的贸易伙伴创造了互利共赢、共同发展的机遇。我举个例子，美国是中国的一个非常重要的贸易伙伴，2001年的时候，美国对中国的出口只有260亿美元，占到美国全部出口的只有2%。中国是美国的第11大出口市场，中国刚刚加入世贸的时候，那一年中国的市场对美国来说只占到它出口总额的2%，第11大市场可以说无足轻重。去年中国已经成为了美国的第3大出口市场，美国对中国的出口已经占到美国出口的8%，将近1500亿美元。可以看出来，中国加入世贸给美国出口带来了机遇。
　　我们再比较一下，从2008年到2017年，美国对中国的货物出口增长86%，这十年增长86%，但同期美国对其他世界市场出口只增长了21%。就服务来说，2007年到2016年，这十年美国对中国的服务出口增长了3倍。但是对其他市场服务业的出口只增长50%，在服务业方面，中国也给美国带来了巨大的机遇。
　　再举一个例子，由于中国市场开放，越来越多的美资企业在中国创业，在中国投资，在中国发展。2001年的时候，美资企业在中国市场销售额只有3600万人民币，到2016年的时候，美国企业在中国市场销售6000亿美元。这6000亿美元给美国的企业带来多大的利益。这就是美国的获利。
　　再比如大家关心的知识产权，2001年的时候，中国对全世界支付的知识产权使用费只有19亿美元，但是到2017年的时候，中国对美国支付的知识产权使用费就是71.3亿美元。大家从这些数字可以看出来，中国加入世贸给美国带来的机遇。
　　中国加入世贸也给很多发展中国家带来了机遇，这有很多的例子，我就不说了，给大家提供一个有代表性的数字。中国加入世贸以后，我们对与中国建交的最不发达国家给予了97%的税目免关税的待遇。中国成了最不发达国家最大的出口市场，占到这些最不发达国家出口的20%。所以中国加入世贸在这些方面给发展中国家带来了巨大的机会。
　　国际组织有一个测算，2002年以来，中国经济的增长对世界经济的平均贡献率接近30%。因为中国的进口增长非常迅速，2001年到2017年，中国的货物进口增长平均是13.5%，是世界进口增长速度的两倍。同期中国服务贸易进口平均增长16.7%，是世界平均水平的2.7倍。中国巨大的市场开放，给世界经济做出了巨大贡献。
　　再回到你的问题上来，说只有中国获利，别人都吃亏了，这完全不符合事实。实际上，没有一个WTO成员因为中国加入世贸之后经济恶化或者受到吃亏，没有这样的情况。在中国加入世贸组织以后，又有24个经济体加入了世贸组织，他们也从中国巨大的市场中获得了机会。
　　中国继续坚定支持多边贸易体制，走开放融通、互利共赢的道路。我们也期待着与所有的WTO成员一起能够不断地完善，与时俱进的改革多边贸易体制，推动经济全球化朝着一个开放、包容、普惠、平衡、共赢的方向发展。",['国际贸易']
1,2018,2018,28,6月28日鄂尔多斯新圣天然气价格暂稳,2018年6月28日，内蒙古鄂尔多斯市杭锦旗新圣天然气有限公司LNG价格平稳至3450元/吨，装置运行稳定，实际成交价格可商议，市场成交尚可。,['鄂尔多斯']
2,2018,2018,29,水皮：美团被迫上市 持续烧钱必定需要输血来续命,"摘要
如果说小米上市打的是阵地战，声势浩大的话，那么美团打的就是闪电战，阴不出声地突然就开始了上市的进程。


　　没有最大，只有更大。　　如果说小米上市打的是阵地战，声势浩大的话，那么美团打的就是闪电战，阴不出声地突然就开始了上市的进程。　　美团上市600亿美元估值超京东？　　根据美团上市的估值来看，它的估值要到600亿美元左右，它的融资是10%，募资60亿美元左右。　　这个估值如果真的确立的话，很大程度上美团的估值就超过了京东的市值，而且还有可能与小米争夺今年港股融资的第一宝座。应该讲，王兴带领美团上市这一战，打的是出人意料，同时又在情理之中。　　为何大家都关注它的估值呢？因为美团和京东相比，美团的营业额、收入都不可同日而语。　　2017 年，京东成交额为10000亿元左右，美团成交额是3570亿左右；美团点评全年交易量不足京东的三分之一，营业额的话就更少了，不足京东的十分之一；而且美团在过去一年亏损了28亿元，但是京东已经挣了50亿元的利润。　　所以从这个角度来讲，美团的估值其实并不低。　　美团被迫上市？　　众所周知，美团成立8年，经历了“千团大战”，而且靠烧钱打拼，活活把大众点评干掉了，前段时间还并购了摩拜，美团业务是一个比一个烧钱。　　2017年年底的时候，美团现金有190多亿，短期理财还有200多亿，加起来是400多亿的存量。到了今年一季度，实际上它的现金是200多亿，短期理财只有67亿，也就是说，里里外外加起来大概少了200亿左右，这应该与并购摩拜有很大的关系。此外，可以从公开的账目上看到，还有106亿的应付账款。　　所以美团现金持有数量下降，或者未来对现金需求也很大，这也就能解释为什么要这个时候迅速上市的重要原因。　　持续烧钱必定需要输血来续命　　现在国内市场也好，国际市场也好，显而易见，流动性都是在紧缩过程中，过去十年那种烧钱时代已经一去不复返。　　新经济初始阶段都非常烧钱，京东上市的时候也没有盈利，但是上市之后环境日益改善，它形成了垄断地位之后开始盈利。美团现在还没有盈利，还在形成规模经济的过程中，美团也明确说了并购的摩拜未见得会盈利，所以它烧钱的地方有很多，对现金储备的要求就更高。　　目前的情况就是这样，谁手中的现金多，谁就可能度过下一个冬天。　　如果说从机构市场PE、VC里资金融无可融的话，那么为什么不趁着二级市场投资者能给自己比较高的估值的时候，到二级市场来完成上市呢？　　一方面，可以融一笔钱，60亿美元也不是一笔小数目；另外一方面，也能给老股东提供交易的流动性，这是一举两得的事情，我认为美团不会错失良机。",['京东']
3,2018,2018,26,助力中国企业出海东南亚 跨境收款引领者又有新动作,"6月26日，跨境收款引领者PingPong与东南亚与台湾最大电商平台Shopee在深圳举行首发大会。会上，PingPong与Shopee达成战略合作，正式接入Shopee六大站点(马来西亚、台湾、印度尼西亚、泰国、菲律宾、新加坡)，将携手其响应“一带一路”倡议，助力中国企业出海东南亚。
　　PingPong CMO卢帅表示：“东南亚是”一带一路“倡议的重要一站，处在互联网飞速普及的阶段。Shopee是东南亚与台湾地区最大的电商平台，PingPong很荣幸可以携手Shopee共同前行。PingPong和Shopee的战略合作将帮助中国品牌触达东南亚超6亿消费者、抓住新兴市场机会，助力中国品牌进一步赢得全球竞争力。未来，PingPong也将开启更多服务，持续赋能中国企业走出去。”
　　Shopee跨境业务总经理刘江宏指出：“为充分满足跨境卖家的需求，Shopee致力于丰富产品与服务的多样性，此次合作就是最好的实践。我们很高兴与PingPong成为战略合作伙伴，为中国卖家提供更多支付选择，优化一站式跨境卖家解决方案。作为地区领先的电商平台，Shopee將携手更多合作伙伴进一步拓展业务，持续成为东南亚与台湾消费者线上移动购物平台的首选。”
　　据谷歌的一项数据显示，2025年，东南亚地区互联网经济将增长至 2000亿美元。其中，东南亚电商正是最有发展潜力的领域之一。目前，已有越来越多中国电商企业进军东南亚，Shopee正是他们的首选。而PingPong作为第一家进军东南亚的中国跨境收款企业，将以优质的跨境收款服务，构建中国跨境企业走出去的基础设施服务，助推他们在海外的发展之路。
　　除此之外，针对中国跨境企业融资难的问题，PingPong还将为中国出海跨境电商企业提供企业资本化等方面的服务。在活动现场，PingPong的投资方清华控股旗下沃富金信董事总经理狄凯、赛伯乐投资合伙人袁智勇为跨境卖家解析如何获得资本青睐。据悉，PingPong鸿鹄基金首期资方已集结完毕，将在未来针对跨境行业的优秀企业进行投融资服务，助力中国制造转型升级。
　　据悉，Shopee是东南亚与台湾地区最大电商平台。2017年Shopee GMV达到41亿美金，同比增长258%；2018年第一季度，Shopee GMV更达到19亿美金，同比增长199.5%。在东南亚，Shopee占据多个市场移动购物APP下载榜单第一位。目前，Shopee已与多家中国企业建立了海外合作，包括小米、荣耀和格力等。
　　PingPong是跨境收款行业的创新引领者，致力于以多种创新服务改善中国跨境电商行业生态，以光年提前收款服务、福贸出口退税、VAT缴纳等全方位优化跨境卖家的利润结构。目前，PingPong客户已超15W+，业务覆盖区已超43个国家和地区，日交易峰值达1亿美金。
　　同时，PingPong是首家取得欧元核心区支付牌照的中国金融科技公司，也是中国唯一一家同时拥有美欧日港支付牌照的跨境收款企业。PingPong也是中国(杭州)跨境电子商务综合试验区指定跨境资金清算机构，上海跨境公共服务平台官方战略合作伙伴，投资机构包括中国国际金融有限公司(中金Fintech产业基金)、全球最大共同基金富达国际、中国最大券商直投之一广发证券等。",['广发证券']
4,2018,2018,26,6月26日晚间央视新闻联播集锦,"中国共产主义青年团第十八次全国代表大会在京开幕
　　中国共产主义青年团第十八次全国代表大会26日上午在人民大会堂开幕。习近平、李克强、栗战书、汪洋、赵乐际、韩正等党和国家领导人到会祝贺，王沪宁代表党中央致词。
　　人民大会堂万人大礼堂气氛热烈。主席台上方悬挂着“中国共产主义青年团第十八次全国代表大会”的会标，后幕正中悬挂的团徽熠熠生辉，10面鲜艳的红旗分列两侧。二楼眺台上悬挂着“高举习近平新时代中国特色社会主义思想伟大旗帜，在中国共产党坚强领导下，不忘初心，牢记使命，奋力谱写决胜全面建成小康社会、全面建设社会主义现代化国家的壮丽青春篇章！”巨型横幅。1500多名来自全国各地的团十八大代表，肩负着8100多万共青团员的重托出席大会。
　　上午9时30分，中共中央总书记、国家主席、中央军委主席习近平等步入会场，全场响起热烈的掌声。
　　大会主席团常务委员会委员贺军科宣布大会开幕。全体起立，高唱国歌，全体高唱团歌。
　　随后，10名少先队员向大会献词。他们有的来自革命老区，有的来自民族地区，有的是勤学孝老的好榜样，有的是热心公益环保的好少年。少先队员响亮的声音表达了对美好未来的期待，展现了立志全面发展，为实现中华民族伟大复兴的中国梦作准备的决心。
　　王沪宁代表党中央发表了题为《乘新时代东风放飞青春梦想》的致词。王沪宁首先向大会的召开表示热烈祝贺，向全国各族青年、全体共青团员和广大青少年工作者致以诚挚的问候。
　　王沪宁在致词中说，在以习近平同志为核心的党中央坚强领导下，团十七大以来，共青团提高政治站位、增强“四个意识”，坚决维护以习近平同志为核心的党中央权威和集中统一领导，锐意进取、真抓实干，深入推进共青团改革，狠抓从严治团，各项工作实现新发展，团干部团员面貌呈现新气象。广大青年自觉把个人奋斗融入党和人民的共同奋斗中，展现出当代青年爱党爱国的坚定信念、勇于创造的生机活力、甘于奉献的优良品格、自信开放的国际形象。
　　王沪宁表示，习近平总书记关于青年工作的重要思想，为做好新时代党的青年工作指明了前进方向。实现党的十九大提出的决胜全面建成小康社会、开启全面建设社会主义现代化国家新征程的宏伟蓝图，当代青年重任在肩。希望广大青年牢记习近平总书记的谆谆教诲，始终坚定理想信念，着力锤炼高尚品格，不断增长能力才干，永远保持奋斗精神，勇于投身创新创造，勇当实现中华民族伟大复兴的生力军，奏响新时代的青春之歌。
　　中华全国总工会党组书记、书记处第一书记李玉赋代表中华全国总工会、中华全国妇女联合会、中国文学艺术界联合会、中国作家协会、中国科学技术协会、中华全国归国华侨联合会、中华全国台湾同胞联谊会、中国残疾人联合会向大会致贺词。贺词指出，各群团组织要发挥各自优势，加强相互支持，密切团结协作，共同书写新时代党的群团事业新篇章。
　　贺军科代表共青团第十七届中央委员会作了题为《高举习近平新时代中国特色社会主义思想伟大旗帜奋力谱写决胜全面建成小康社会全面建设社会主义现代化国家的壮丽青春篇章》的报告。报告分为8个部分：进入新时代的中国青年和共青团；强国时代青年的历史使命；用习近平新时代中国特色社会主义思想统领共青团工作；培养担当民族复兴大任的时代新人；青春建功新时代；大力促进青年发展；共青团改革再出发；全面从严治团。
　　中共中央书记处书记，全国人大常委会、国务院、全国政协、中央军委有关领导同志出席会议。
　　中央和国家机关有关部门、各人民团体、北京市负责同志，部分在京离退休的曾在团中央书记处工作的领导同志，首都各族各界团员青年代表参加开幕式。
　　李克强与法国总理共同出席中法企业家座谈会
　　国务院总理李克强6月25日下午在人民大会堂与法国总理菲利普共同出席中法企业家座谈会，来自中法两国制造业、能源、金融等行业30余家企业的负责人参加。双方企业家围绕中法经贸投资等问题进行讨论。两国总理听取了企业家代表的发言并同他们互动交流。
　　李克强表示，中法之间有传统友谊，两国企业有长期合作基础、发展空间广阔。中国对外开放的大门会越开越大。中国扩大开放本身就是为了维护和促进自由贸易体制，这也将为世界各国企业带来发展机遇。欢迎法方企业抓住机遇，进一步扩大对华合作，争取取得更多务实合作成果。
　　在回答关于法方企业愿同中方开展高技术合作的问题时，李克强表示，中方张开双臂欢迎法方企业加强对华高技术领域合作。中方将严格保护知识产权，绝不允许强制转让技术。在回答关于人员往来的问题时，李克强表示，中方正在积极推进改革和开放，为包括法国在内的外国企业家、商务人士来华开展业务提供更多便利，推动扩大中外人员往来规模，为推进务实合作提供更好条件。今天座谈会的目的就是要了解和处理两国企业界的关切和问题。相信两国政府会积极回应和处理企业关注的问题。希望通过这种方式，使我们的合作更为顺畅、领域更加宽广。
　　菲利普表示，法方为两国企业合作迄今取得的成果感到高兴，支持以开诚布公的方式讨论问题、推进合作。双方企业今后可以开拓更多新的合作领域，中小企业可以成为新的合作主体，欢迎中方加大对法投资。
　　全国政协十三届常委会第二次会议举行全体会议汪洋出席
　　政协第十三届全国委员会常务委员会第二次会议26日下午举行全体会议，中共中央政治局常委、全国政协主席汪洋出席。14位全国政协常委、委员围绕“解决深度贫困地区脱贫问题”作大会发言。
　　大家在发言中认为，在以习近平同志为核心的党中央的坚强领导下，我国脱贫攻坚已取得决定性进展，谱写了人类反贫困史上的辉煌篇章。脱贫攻坚已进入攻坚拔寨、啃硬骨头的关键阶段，要以习近平扶贫思想为指导，认真落实党中央、国务院决策部署，扎实推进深度贫困地区脱贫攻坚。
　　罗志军常委建议，夯实稳定脱贫基础，巩固脱贫攻坚成果，建立防止返贫的预警监测机制；杨明生常委建议，更好发挥金融保险在深度贫困地区脱贫攻坚中的作用，用保险守住来之不易的脱贫成果；达久木甲常委建议，在集中连片整体深度贫困地区拓展精准扶贫对象范围，加大财政政策支持力度，创新实施帮扶特惠政策；秦博勇和石爱中常委在联合发言中建议，强化监管和统筹，确保扶贫资金管理使用安全高效；李世杰常委代表民建中央发言建议，多措并举发展农村电商，助力打赢深度贫困地区脱贫攻坚战；王伟光常委提出，建立健全深度贫困地区扶贫制度，建立扶贫投入长效机制；王会生常委建议，防范化解潜在风险，扎实推进产业扶贫；姜大明常委建议，用好用足城乡建设用地增减挂钩政策，为脱贫攻坚开辟新的资金渠道；王林旭常委建议，开展文化扶贫工作，推动民族地区经济社会发展和全面进步；马志伟常委在发言中说，要关爱脱贫攻坚战中涌现的优秀干部，把扶贫脱贫工作中的感人故事留存下来；王培安委员代表全国政协人口资源环境委员会发言提出，健康扶贫是打赢脱贫攻坚战的关键，要进一步理清思路，聚焦重点，构建长效机制，实现贫困人口“基本医疗有保障”；林毅夫常委提出，承接劳动密集型加工业转移，实现新疆绿洲经济地区精准脱贫；高体健常委建议，设立大别山国家绿色发展示范区，大力支持革命老区打赢脱贫攻坚战；赖明常委代表九三学社中央发言提出，要发挥民主党派作用，在脱贫攻坚中彰显多党合作制度优势。
　　会议还听取了全国政协副主席兼秘书长夏宝龙等作的关于人事事项的说明。
　　全国政协副主席董建华主持会议。
　　韩正会见香港特别行政区行政长官
　　中共中央政治局常委、国务院副总理韩正26日下午在中南海紫光阁会见香港特别行政区行政长官林郑月娥，就《粤港澳大湾区发展规划纲要》听取意见和建议。
　　韩正充分肯定了林郑月娥就任行政长官一年来带领管治团队依法施政、积极作为所取得的成绩。他表示，建设粤港澳大湾区是习近平总书记亲自谋划、亲自部署、亲自推动的国家战略。要以习近平新时代中国特色社会主义思想为指导，全面准确贯彻“一国两制”方针，严格依照宪法和基本法办事，着力促进粤港澳优势互补、合作共赢、协同发展，让大湾区广大人民群众共享发展成果。希望香港抓住历史性机遇，充分发挥在金融、航运、贸易以及专业服务等方面的优势，积极参与粤港澳大湾区建设。
　　林郑月娥表示，香港特别行政区政府一直参与规划编制工作，香港社会各界对规划充满期待，相信建设粤港澳大湾区能为香港带来新的发展机遇。
　　何立峰参加会见。
　　王岐山会见缅甸联邦议会议长兼民族院议长
　　国家副主席王岐山26日在中南海会见缅甸联邦议会议长兼民族院议长曼温楷丹。
　　王岐山说，在继承传统友谊基础上发展好中缅全面战略合作伙伴关系符合两国人民根本利益。习近平主席同缅甸领导人为推进新时代中缅关系指明了方向，双方要保持高层交往势头，加强沟通、加深了解、巩固互信、加强合作，实现互利共赢和多赢。中方支持缅方为保持国内和平稳定、实现国家发展所做努力，愿在“一带一路”框架下积极推进中缅经济走廊建设，加强中缅各领域特别是农业水利、基础设施、能源等重点领域务实合作。
　　曼温楷丹表示缅中胞波情谊源远流长，缅方很高兴看到中国发展建设取得巨大成就，感谢中方给予的宝贵支持，希望加强缅中经济走廊建设及各领域合作。
　　国新办：2018中国国际智能产业博览会将举行
　　国务院新闻办公室今天召开发布会，宣布首届中国国际智能产业博览会将于8月23日到25日在重庆举办，主题为“为经济赋能，为生活添彩”。智博会期间，将举办大数据智能化主峰会，设置综合展、大企业展、创新展、专题展四大主题展区，举办无人驾驶、“黑科技”评选大赛等。
　　国内联播快讯
　　贫困地区农产品产销对接行动启动
　　今天，农业农村部联合有关部门，启动2018全国贫困地区农产品产销对接行动。我国14个集中连片贫困地区的453个县，以及来自全国的1000多家采购商，参与了此次对接行动。首场对接活动现场签约超过54亿，总采购额达到127亿元。 
　　北京至和田援疆旅游专列发车
　　北京西至和田的“京和号”援疆旅游专列日前由北京出发，途经吐鲁番、和田、哈密、库尔勒、敦煌、张掖等地，行程16天。今年7月、8月，还将各开行一趟“京和号”旅游专列。
　　青海绿色发展投资贸易洽谈会开幕
　　今天，第十九届中国青海绿色发展投资贸易洽谈会在西宁开幕，主题是“开放合作绿色发展”，将推出总投资约2300亿元197个招商引资项目，涵盖新能源、新材料等11个领域。
　　南北方多地遭遇强降雨高温也不停歇
　　从昨天开始，我国多地遭遇强降雨。四川广元、绵阳、德阳等地部分河流水位暴涨，多条街道被洪水淹没，多处山体滑坡道路塌方，当地相关部门迅速启动抢险。山东全省40个县(市、区)平均降雨量超过100毫米，济南市区一度交通受阻。黑龙江哈尔滨今天下午雷电冰雹持续了近1个小时，城区多处低洼路段积水严重。
　　暴雨扰人，高温也不停歇。北京、江西、重庆频发高温预警。今天午后的北京热浪滚滚，加上空气湿度大，感觉非常闷热。在南昌街头，街上行人、骑电动车的市民用上了各种“防晒装备”。未来5天，上述地区高温持续。
　　国际联播快讯
　　美摩托制造商拟将部分生产移至海外
　　为反制美国对欧盟钢铝产品加征关税，欧盟日前决定将从美国进口的哈雷-戴维森摩托车关税提高25个百分点。为减轻此举对其销量的影响，哈雷-戴维森摩托车公司25日宣布，决定将销往欧盟的摩托车生产从美国转向海外工厂。分析人士认为，这一事件表明美国政府的贸易保护主义政策最终会伤害依赖海外市场的美国企业。
　　2018俄罗斯世界杯：西葡惊险携手出线乌拉圭胜俄罗斯
　　2018俄罗斯世界杯小组赛B组最后一轮的比赛今天凌晨进行，葡萄牙队对阵伊朗队，上半场结束前葡萄牙队夸雷斯马打破僵局。下半场裁判通过视频回放判给葡萄牙队一个点球，可惜C罗主罚的点球被扑出，错失扩大比分的良机。补时阶段，伊朗队通过点球将比分扳平。最终两队战成1:1，葡萄牙队获得小组第二涉险晋级，伊朗则遗憾出局。
　　西班牙同摩洛哥队的比赛同样一波三折，西班牙队两次落后，最终凭借补时阶段的进球艰难追平比分，并以小组第一名的成绩晋级。
　　稍早进行的A组比赛缺乏悬念，此前俄罗斯和乌拉圭已经携手晋级，最终在小组头名的较量中，乌拉圭3:0完胜东道主俄罗斯队。另外一场比赛，沙特阿拉伯队2:1战胜埃及队赢得荣誉之战。接下来的淘汰赛，乌拉圭将对阵葡萄牙，俄罗斯对阵西班牙。
　　北京时间今晚22点丹麦将迎战法国，澳大利亚将对战秘鲁。明天凌晨2点，阿根廷将在生死战中对阵尼日利亚，冰岛将和克罗地亚展开较量。","['好未来', '国华', '保险', '澳优', '农产品', '哈雷']"
5,2018,2018,28,国务院办公厅印发《关于做好证明事项清理工作的通知》,"摘要
【国务院办公厅印发《关于做好证明事项清理工作的通知》】日前，国务院办公厅印发《关于做好证明事项清理工作的通知》(以下简称《通知》)，对做好证明事项清理工作作出部署。（新华网）


　　日前，国务院办公厅印发《关于做好证明事项清理工作的通知》(以下简称《通知》)，对做好证明事项清理工作作出部署。
　　《通知》要求，要贯彻落实党中央、国务院关于减证便民、优化服务的部署要求，做好证明事项清理工作，切实做到没有法律法规规定的证明事项一律取消。各地区、各部门要对法律、行政法规设定的证明事项进行梳理，逐项提出取消或保留的建议。各地区、各部门自行设定的证明事项，最迟要于2018年年底前取消。
　　《通知》提出，司法部要做好组织实施工作，加强对国务院各部门清理工作的跟踪、督促和指导，确保于2018年年底前完成证明事项清理工作，清理工作完成后向国务院报告情况。根据各地区、各部门的建议，对确需保留的证明事项，组织公布清单，逐项列明设定依据、开具单位等。清单之外，政府部门、公用事业单位和服务机构不得索要证明。对取消证明事项涉及修改法律、行政法规的，及时启动法律、行政法规修订程序。
　　《通知》强调，各地区、各部门要以本次清理工作为契机，通过公布新的办事指南、大力推行告知承诺制等方式，进一步转变行政管理方式，规范行政行为，切实改进服务作风，提升监管效能。要加强督促检查，对下级机关违法增加证明事项和证明材料、提高证明要求、随意将行政机关的核查义务转嫁给群众和企业的，及时纠正查处；对未及时纠正查处、引发不良社会影响的，严肃追究相关责任人的责任。",[]
6,2018,2018,27,统计局：5月工业企业利润同比增21% 延续快速增长势头,国家统计局今日发布的工业企业财务数据显示，2018年1-5月份，全国规模以上工业企业利润同比增长16.5%，增速比1-4月份加快1.5个百分点；其中，5月份增长21.1%，比4月份增速减缓0.8个百分点，延续了快速增长的势头。　　国家统计局工业司何平认为，尽管5月份工业利润增速比4月份略有回落，但依然保持快速增长，除成本下降因素外，也得益于价格上涨。利润增长的来源主要是钢铁、建材和化工等原材料加工利用行业。　　何平表示，1-5月份工业企业利润数据显示出两大特点，一是供给侧结构性改革成效持续显现，主要体现在成本下降和杠杆率降低；其次是工业企业效益总体持续改善，体现在产成品存货周转加快以及盈利能力明显增强。　　以下为各项分类数据：　　1-5月份，规模以上工业企业中，国有控股企业实现利润总额8103.5亿元，同比增长28.7%；集体企业实现利润总额93.1亿元，增长4.4%；股份制企业实现利润总额19119.8亿元，增长20.6%；外商及港澳台商投资企业实现利润总额6739.1亿元，增长6.9%；私营企业实现利润总额7466.2亿元，增长10.6%。　　1-5月份，采矿业实现利润总额2333.6亿元，同比增长41.6%；制造业实现利润总额23150.1亿元，增长13.8%；电力、热力、燃气及水生产和供应业实现利润总额1814.6亿元，增长26.1%。　　1-5月份，在41个工业大类行业中，31个行业利润总额同比增加，10个行业减少。主要行业利润情况如下：煤炭开采和洗选业利润总额同比增长14.8%，石油和天然气开采业增长2.6倍，农副食品加工业增长1.3%，石油、煤炭及其他燃料加工业增长27.9%，化学原料和化学制品制造业增长27.7%，非金属矿物制品业增长44.6%，黑色金属冶炼和压延加工业增长1.1倍，通用设备制造业增长9.6%，专用设备制造业增长22.2%，汽车制造业增长0.5%，电气机械和器材制造业增长1.9%，计算机、通信和其他电子设备制造业增长4.3%，电力、热力生产和供应业增长27.8%，纺织业下降0.1%，有色金属冶炼和压延加工业下降11.5%。　　1-5月份，规模以上工业企业实现主营业务收入42.9万亿元，同比增长10.2%；发生主营业务成本36.3万亿元，增长9.8%；主营业务收入利润率为6.36%，同比提高0.35个百分点。　　5月末，规模以上工业企业资产总计108.8万亿元，同比增长7.4%；负债合计61.6万亿元，增长6.3%；所有者权益合计47.2万亿元，增长8.8%；资产负债率为56.6%，同比降低0.6个百分点。　　5月末，规模以上工业企业应收账款13.5万亿元，同比增长10.6%；产成品存货41246.3亿元，增长7.3%。　　1-5月份，规模以上工业企业每百元主营业务收入中的成本为84.49元，同比减少0.31元；每百元主营业务收入中的费用为8.1元，同比减少0.04元；每百元资产实现的主营业务收入为96元，同比增加2.4元；人均主营业务收入为126.1万元，同比增加14万元；产成品存货周转天数为16.6天，同比减少0.2天；应收账款平均回收期为45.5天，同比持平。　　5月份，规模以上工业企业实现利润总额6070.6亿元，同比增长21.1%，增速比4月份放缓0.8个百分点。,[]
7,2018,2018,28,刚刚 深中通道沉管隧道开工了,"6月28日，21世纪经济报道记者获悉，深中通道沉管隧道建设再有突破性进展，深中通道项目沉管隧道实现开工。
　　据广东省交通集团消息称，深中通道顺利签订项目沉管隧道施工承包合同，标志着继钢壳试验段开工后，深中通道沉管隧道建设再有突破性进展，也意味着深中通道项目沉管隧道实现开工。
　　按照计划，深中通道沉管隧道工程总工期为64个月，将于2019年9月开始管节预制，预计于2023年7月具备通车条件，深中通道全线预计于2024年建成通车。
　　难度前所未有
　　28日上午10:30，深中通道管理中心与广东省长大公路工程有限公司与广州打捞局联合体(S08标)，中交第一航务工程局有限公司、中交第四航务工程局有限公司与中交广州航道局有限公司联合体(S09标)正式签订项目沉管隧道工程施工承包合同，标志着项目沉管隧道建设迈出关键一步。
　　参与项目设计全过程的深中通道管理中心总工程师宋神友认为，深中通道是集结“桥、岛、隧、水下枢纽互通”的世界级高难度工程。项目全长24公里，采用东隧西桥方案。其中，长约6.8公里、世界首次使用的双向八车道超宽钢壳混凝土沉管隧道具有“超宽、变宽、深埋、回淤量大、挖砂坑区域地层稳定性差”五大技术难点，工程规模和技术难度前所未有。
　　在钢壳制造方面，项目钢壳沉管隧道用钢量非常大，总量达到了32万吨。每个标准管节的尺寸为46×10.6×165米，用钢量约1万吨，体量相当于一艘中型航空母舰船体。项目共32个管节，包括有615米长的变宽管节，管节最宽处达55米，是目前世界上最长最宽的海底沉管隧道。
　　在混凝土浇筑方面，沉管隧道单个管节由超过2500多个独立仓格构成，仓格数量多，混凝土浇筑面临包括自密实混凝土性能要求高，对原材料与配合比、环境温度、泵送时间和距离、浇筑温度、速度、混凝土品质等要求非常高，确保质量稳定性难度大；单个管节舱室数量大、规格多，工艺参数控制及施工组织难度大；密肋封闭结构，混凝土不易填充密实，施工难追溯，脱空缺陷难检测；钢壳结构易受环境和混凝土水化热影响，温度变化大；大规模施工精细化管理困难，混凝土损耗控制等。
　　在结构方面，项目采用钢壳混凝土沉管隧道结构，在国内属首次应用、国际首次大规模应用，国内缺乏相应设计标准、建设技术及经验，尤其在混凝土浇筑质量控制、管节多次转场的结构质量控制以及管节长距离浮运安装的风险管控等都面临非常大的挑战。
　　在安全方面，伶仃洋水道是珠江口最繁忙的黄金水道，沉管的浮运与伶仃洋水道的通航相互影响，安全生产问题面临严峻挑战。
　　科研攻关克困难
　　沉管隧道工程具有规模大、工期紧、标准高、接口多、管理复杂、测控精度高难度大等复杂建设条件。沉管隧道混凝土浇筑及安装工程施工分2个标段。其中，由广东省长大公路工程有限公司及广州打捞局组成联合体(S08标)将负责钢壳沉管隧道E23~E32管节的施工，包括预制场建设、沉管混凝土浇筑、沉管舾装、浮运航道开挖及维护、沉管浮运沉放、沉管回填等施工。计划将于2019年9月开始管节预制，2020年8月沉放首节沉管(E32)，2022年6月份完成该标段最后一节沉管(E23)浮运沉放。
　　另一方面，由中交一航局、中交四航局和中交广航局组成联合体(S09标)主要施工任务包括管隧道全线的基槽开挖及维护清淤、钢壳沉管E1~E22管节和最终接头的施工以及西人工岛岛上隧道、岛桥结合部非通航孔桥、岛上建筑等施工。预计沉管隧道工程总工期为64个月，按照计划将于2023年7月具备通车条件，全线计划将于2024年建成通车。
　　广东交通集团有限公司党委书记、董事长邓小华指出，“针对钢壳制造、自密实混凝土浇筑、管节浮运和安装等技术难点，各参建单位要坚持创新驱动发展战略，在接下来的建设中，充分利用信息化、智能化等最新的技术成果进行科研攻关，按期有序推进项目建设。”
　　深中通道管理中心党总支书记、主任陈伟乐会上与施工单位交流时表示，“S08、S09标是关系到深中通道项目能否按期通车的控制性标段，管理中心将联同施工单位，尽快做好总体施组规划，组建强有力的、顶级的技术团队加大科研攻关力度，加快完成关键装备的研制、核心设备采购和制造工作。”
　　项目建设进展顺利
　　作为国家“十三五”重大工程及粤港澳大湾区交通一体化建设的战略性通道，深中通道的建设是我国交通基础设施建设又一个重要的里程碑。
　　目前，深中通道项目建设稳步推进。先行工程西人工岛至2018年6月上旬，西大岛塑料排水板、降水井施工已经完成，岛壁结构挤密砂桩施工及大岛内地基处理正有序进行。项目东人工岛及主线堰筑段隧道正在开展围堰钢板桩打设施工、堰筑段清淤施工，以及广深沿江高速桥墩桩基保护施工。沉管隧道钢壳制作已于4月份正式启动试验段制造，预计2018年内完成钢壳智能制造生产线建设并投入生产。桥梁土建施工及监理已完成招标，正在组织进场中，9月份开始大规模施工，预计11月完成钢结构制造招标。",[]
8,2018,2018,27,统计局：1-5月黑色金属冶炼和压延加工业利润增长1.1倍,统计局：5月份工业利润增长主要反映成本下降、价格上涨以及杠杆率降低、产成品存货周转加快以及盈利能力明显增强；利润增长的来源主要是钢铁、建材和化工等原材料加工利用行业。　　1-5月份，全国规模以上工业企业实现利润总额27298.3亿元，同比增长16.5%，增速比1-4月份加快1.5个百分点。　　利润增长的来源主要是钢铁、建材和化工等原材料加工利用行业　　1-5月份，新增利润较多的行业主要是：黑色金属冶炼和压延加工业，利润增长1.1倍；非金属矿物制品业，增长44.6%；化学原料和化学制品制造业，增长27.7%；石油和天然气开采业，增长2.6倍；电力热力生产和供应业，增长27.8%。这五个行业对全部规模以上工业企业利润增长的贡献率近70%。　　1-5月份，在41个工业大类行业中，31个行业利润总额同比增加，10个行业减少。主要行业利润情况如下：煤炭开采和洗选业利润总额同比增长14.8%，石油和天然气开采业增长2.6倍，农副食品加工业增长1.3%，石油、煤炭及其他燃料加工业增长27.9%，化学原料和化学制品制造业增长27.7%，非金属矿物制品业增长44.6%，黑色金属冶炼和压延加工业增长1.1倍，通用设备制造业增长9.6%，专用设备制造业增长22.2%，汽车制造业增长0.5%，电气机械和器材制造业增长1.9%，计算机、通信和其他电子设备制造业增长4.3%，电力、热力生产和供应业增长27.8%，纺织业下降0.1%，有色金属冶炼和压延加工业下降11.5%。,"['专用设备', '有色金属']"
9,2018,2018,29,央行重申货币政策保持中性,"临近年中，市场利率再次被“赶考”的机构推高。6月28日，国债逆回购利率出现一波上涨，其中1天期隔夜国债逆回购(CG001)涨幅接近90%，最高触及12.4%，另外多期限国债逆回购利率也一度升破10%；上海银行间同业拆放利率(Shibor)虽在近期多项政策的合力呵护下整体下行，但跨6月末考核时点的一周、两周期产品利率也悄然爬升。当日晚间，央行发布货币政策委员会2018年二季度例会内容，重申稳健的货币政策保持中性。业内人士认为，季末资金面难免有波动，但平稳跨季可期。
　　重申货币政策中性
　　据央行官网6月28日晚间发布的公告，货币政策委员会2018年二季度例会于6月27日在北京召开。会议指出，要继续密切关注国际国内经济金融走势，加强形势预判和前瞻性预调微调。稳健的货币政策保持中性，要松紧适度，管好货币供给总闸门，保持流动性合理充裕，引导货币信贷及社会融资规模合理增长。继续深化金融体制改革，健全货币政策和宏观审慎政策双支柱调控框架，疏通货币政策传导渠道。
　　这一政策基调在央行公开市场操作已有所体现。在临近年中考的6月28日，央行实施800亿元7天逆回购，当日有600亿元7天、500亿元14天、700亿元28天逆回购到期，由此当日实现净回笼资金1000亿元。央行货币政策司表示，从历年规律看，6月是财政支出大月，预计当日财政支出吸收央行逆回购到期等因素后还将适当补充银行体系流动性。
　　但在重申货币政策保持中性的同时，央行的措辞有了微变。在今年一季度货币政策执行报告中使用的措辞还是“保持流动性合理稳定”。此次，有关流动性的表述为“保持流动性合理充裕和金融稳定运行”。这一措辞的改变在6月20日召开的国务院常务会议中就已提及。
　　央行呵护资金面的意图也较为明显，本月央行释放流动性工具运用的频率提高。截至6月28日，央行在本月共进行了32次逆回购操作，分别是7天、14天和28天，合计投放资金1.29万亿元；同时间段到期的逆回购共回笼资金1.33万亿元，净回笼资金400亿元。不过，6月24日，央行公布年内的第三次降准，决定从2018年7月5日起，下调法定存款准备金0.5个百分点，进一步推进市场化法治化“债转股”，加大对小微企业的支持力度，这次降准将向市场释放大约7000亿元左右的资金量。
　　年中考推升国债逆回购利率
　　受资金面整体平稳影响，作为观察货币松紧晴雨表的上海银行间同业拆放利率(Shibor)连续下行。6月28日，除一周、两周Shibor利率微涨外，其他品种都呈下跌态势，其中隔夜Shibor利率跌幅最大，为15.6个基点，报2.289%，也是连续第6天下跌。
　　不过，临近年中，在市场资金旺盛需求下，国债逆回购利率又出现一波上涨。6月28日，国债逆回购利率拉升，上交所GC001开盘成交在7.7%，最高触及12.4%，截至收盘报9.495%，涨幅高达88.58%；GC002开盘报7%，日内最高触及11%，截至收盘报9.2%，涨幅40.24%；GC003和GC004日内最高也升破10%，收盘时小幅回落到9.2%左右，但涨幅也在近30%。
　　深交所国债回购品种的利率走出振幅更大的“过山车行情”。其中，1天国债回购(R-001)开盘报6.1%，最高触及12.304%，截至收盘报5.65%，涨幅46.75%；R-002、R-003和R-004开盘均在5%上下，日内最高均达到10%上下，收盘又回落到4%甚至3.5%。
　　为何Shibor和国债逆回购利率出现不尽相同的走势？业内人士介绍，Shibor是系统重要性银行的理论借款成本，是一个报价均值，许多报价行本身还会根据自身的资金紧张情况酌情在Shibor上加点、减点。以一周Shibor为例，外汇交易中心显示的6月28日报价为2.841% ，比前一日涨0.7个基点，中信银行、光大银行的报价均在这一水平之上，分别为2.95%和2.9%。
　　透过一周、两周期的Shibor利率，也能看出机构在年中“赶考”的迹象。北京商报记者注意到，一周期Shibor自6月25日便开始上行，至6月28日累计涨幅2.2个基点；两周期Shibor自6月19日开始上行，至6月28日累计涨幅14.8个基点。从发行日期推算，这两只期限的产品均跨过6月末考核时点。
　　去杠杆节奏将更温和
　　事实上，在央行4月17日宣布降准置换中期借贷便利(MLF)后，市场资金面也曾连续几天反常的紧张，隔周1天期隔夜国债逆回购盘中一度升破10%，2-7天期品种利率普遍维持在6%以上，多家银行大额存单利率也在同期“加价”。银行缺钱的困窘表露无遗。
　　但这也说明，今年以来央行的降准已不是“大水漫灌”的代名词。联讯证券首席宏观研究员李奇霖认为，定向宽松是经济防风险的需要，也是为了缓解去杠杆过程中，对民营和小微企业不对称的负面冲击。他分析称，今年以来去杠杆的方向已经发生变化，去年政策着力点是金融机构的负债端，而今年是金融机构的资产端。天风证券银行业首席分析师廖志明预计，当前偏紧的信用环境将有所改观，去杠杆节奏更加温和。
　　对于近在眼前的年中考，不少业内人士认为，季末资金面难免有波动，但平稳跨季可期。500金研究院院长肖磊表示，市场整体缺钱的状况可能还会持续，但降准等措施也将发挥作用，目前看半年考加剧了资金的稀缺效应，但也给市场传递了资金成本信号，会抑制一定的资金需求，再加上降准很快实施，流动性会得到一定缓解。
　　中南财经政法大学产业升级与区域金融湖北省协同创新中心研究员李虹含也表示，定向降准释放的流动性没有直接的利息成本、没有到期时间，因此会直接降低银行资金成本，并给商业银行提供稳定的长期流动性。
　　对于当前的货币基调，兴业证券研报指出，货币政策仍不离稳健中性的总基调，只是在当前国内外日趋复杂的经济金融环境下，进一步强化了预调微调的作用，央行会更加关注市场预期的稳定，更快应对外部冲击。","['上海银行', '银行', '中信银行', '光大银行', '兴业证券']"
10,2018,2018,27,央行开展600亿元逆回购操作 今年净回笼1500亿元,央行27日发布公告称，从历年规律看6月份是财政支出大月，越临近月末支出力度越大，预计未来几日财政支出吸收央行逆回购到期等因素后还将推高银行体系流动性总量。　　为稳定半年末资金面，保持银行体系流动性合理充裕，人民银行于6月27日以利率招标方式开展了7天期600亿元逆回购操作。因公开市场今日有700亿元7天期、400亿元14天期、1000亿元28天期逆回购到期，故单日净回笼1500亿元。,['银行']
11,2018,2018,29,工业和信息化部：科学设定体现制造业高质量发展指标体系,"6月29日从工业和信息化部获悉，6月28日，工业和信息化部组织召开“制造业高质量发展战略研究”重大课题启动会，工业和信息化部副部长、课题组组长罗文主持会议。
　　会上，工业和信息化部政策法规司司长梁志峰代表部政策法规司、科技司汇报了课题前期工作情况，中国电子信息产业发展研究院副院长王鹏汇报了课题研究思路和框架，与会专家和相关司局负责人就课题研究方法和需要关注的重点问题提出了意见建议。
　　罗文对课题研究提出了明确要求：一是要厘清高质量发展阶段制造业发展面临的内外部挑战；二是科学设定体现制造业高质量发展的指标体系，形成正确的发展导向；三是实施路径要坚持问题导向，政策措施要务实可行；四是加强对典型地区和典型行业的案例分析，提升研究的针对性和有效性。制造业高质量发展战略研究时间紧、任务重、责任大，课题组要全力以赴形成高质量的研究成果，切实服务于制造强国建设，服务于经济高质量发展。",['电子信息']
12,2018,2018,27,海南省继续阶段性降低社保费率,"海南省人社厅和省财政厅近日下发通知，为进一步降低海南省企业用工成本、增强企业发展活力，根据人力资源社会保障部、财政部《关于继续阶段性降低社会保险费率的通知》，结合我省实际，经省政府同意，我省继续阶段性降低城镇从业人员基本养老保险、失业保险和工伤保险费率。
　　通知规定，自2018年5月1日起，《海南省城镇从业人员基本养老保险条例》第二条第一款(一)、(二)、(四)、(五)项中企业性质的用人单位，其基本养老保险继续执行19%的单位缴费比例至2019年4月30日；自2018年5月1日起，我省失业保险继续执行1%的总费率(单位0.5%，个人0.5%)至2019年4月30日；自2018年5月1日起，我省工伤保险在用人单位(含建筑业按项目参加工伤保险)现行费率基础上下调50%至2019年4月30日。
　　通知要求，相关部门要加强基金收支管理，防范和化解基金运行风险，确保参保人员各项社会保险待遇标准不降低和待遇按时足额支付。",['保险']
13,2018,2018,27,中国两大电子信息产业央企实施重组,"国务院国资委官网27日发布消息称，经报国务院批准，武汉邮电科学研究院有限公司与电信科学技术研究院有限公司实施联合重组。
　　此番重组并非毫无预告。2017年11月23日晚间，烽火通信、光迅科技、长江通信等多家公司公告称，公司控股股东武汉邮电科学研究院正在与电信科学技术研究院筹划重组事宜，重组方案尚需获得有关主管部门批准。
　　直至国资委本日发文，重组事宜可谓尘埃落定。同时，国资委官网“央企名录”一栏显示，国资委直属央企减少至97家。
　　公开资料显示，武汉邮电科学研究院是中国光通信的发源地，是中国主要的信息通信领域产品和综合解决方案提供商，曾是直属国务院国有资产监督管理委员会管理。该公司设立有：“光纤通信技术和网络国家重点实验室”“国家光纤通信技术工程研究中心”“国家光电子工艺中心(武汉分部)”“国家高新技术研究发展计划成果产业化基地”“信息产业光通信产品质量监督检验中心”“亚太电信联盟培训中心”，是集光电器件、光纤光缆、光通信系统和网络于一体的通信高技术企业，旗下拥有多家上市公司和控股公司。
　　电信科学技术研究院总资产规模近500亿元人民币，是一家专门从事电子信息系统装备开发、生产和销售的大型高科技中央企业，是中国无线移动通信产业主力军，拥有无线移动通信、集成电路设计与制造、特种通信等三大产业，已成为TD-SCDMA市场主流供应商，旗下拥有大唐电信、高鸿股份两家上市公司。
　　两家同属电子信息产业的央企实施重组被看作是大势所趋，但也有业内人士指出，尽管双方存在业务互补性，却在行业内竞争力不强，重组后仍难以撼动行业格局。","['烽火通信', '光迅科技', '长江通信', '电子信息', '高鸿股份']"
14,2018,2018,29,新政策加持 动汽车自驾运动营地产业迎来爆发式增长,"在近日，体育总局印发《体育总局办公厅关于加快推动汽车自驾运动营地产业发展的通知》(以下简称《通知》)提出了完善营地布局、加快设施建设、培育市场主体、丰富赛事活动、推进综合发展等六项工作措施。同时提出到2025年每省(区、市)力争建成300家汽车自驾运动营地。
　　在业内人士看来，《通知》内容更细致化、更具落地性。诸多政策接连加持助力，加上市场元素刺激，营地行业正呈现数量型增长趋势。不过，营地行业发展程度偏低、盈利能力偏弱、区域发展不平衡等现象，目前也较为突出，实现从量变到质变仍有一个过程。
　　更细致的政策
　　对于《通知》内容，日光域集团总裁、露营天下创始人孙建东认为，这是一个更加细致、更具指导性意义的文件，对一线从业者及地方政府来说有了更具体的抓手，相比此前相关政策，这一文件在地方的落地方面提出了具体操作层面的要求。
　　他认为，新兴行业的政策落地会有一定难度，政策的更具体化有助于地方层面更好的理解，以及有据可循的落地。
　　而从另一维度看待新政策的出台，也即意味着这个行业还存在需政策推动解决的问题。数据显示，截至2016年底，全国汽车自驾车营地数量已超过500个，全国汽车自驾运动营地的产业覆盖面、社会参与度、市场认可度都实现了大幅提升。但体育总局、国家发改委、原国家旅游局去年7月联合出台的《汽车自驾运动营地发展规划》提到，我国汽车自驾运动营地发展规模和水平还不能满足人民群众日益增长的多样化消费需求。营地标准体系不完善、市场监管不到位、配套设施尚不健全、赛事活动内容不丰富，服务创新不够、市场需求与有效供给失衡矛盾并存，迫切需要加强统筹规划和规范引领。
　　孙建东认为，目前汽车自驾运动营地，总体还属于初级发展阶段。中国的营地早期简单模仿国外的逻辑，彼时国外的房车产业及房车营地发展比较完善和成熟，所以在落地时会做成房车营地的概念，造成很多早前一批的营地生存比较艰难。中国目前房车产业的状态不够完善，房车保有量还很低，是一个原因。
　　另一方面，汽车的保有量不断扩大，自驾游市场扩增，但现阶段对营地的认识还有偏差，比如一些地方政府部门认为营地必须要和房车挂钩，才能称为营地，导致做出来的产品不一定为自驾服务，其配套设施并不完全匹配自驾运动，存在供需脱节情况。
　　数量型增长
　　在记者的采访中，“爆发”是不少营地从业者共同提及的词。相关报告显示，2016年中国营地数量、房车销量、房车生产厂家以2倍以上的速度增长。截至2016年，营地总数达958个(建成469个、在建489个)。到2017年，中国营地总数达1273个(含在建)，新建成营地356个，已建成营地数量增速达76%。同时，房车销量2017年增长28%。
　　有预测认为，按目前发展趋势，预计到2020年，中国营地数量将突破3000个，中国营地行业市场规模或将达万亿级别。不过这背后依然有着不容忽视的问题。包括营地数量和房车数量与国际水平差距巨大；营地区域发展不平衡，东西部差异大，主要分布在东部沿海区域；欠缺全国性品牌运营商，没有形成集群效应等。
　　目前营地整体运营情况较为一般，整体盈利能力还偏弱。公开报告数据显示，2017年中国营地平均出租率仅38%，相比2016年的48%还下降10%，且淡旺季明显，平均出租率淡季为20%、旺季为93%；营位出租为主要收入来源，消费链条不够完整，平均净利润率为8%。从投资角度看，2017年营地规模比2016年加大，但平均投资规模及平均投资强度下降，分别从6558万降至4139万、34万/亩降至20万/亩，而投资回报率仅有4%。
　　事实上，营地仍缺乏统一标准的规划，其建设水平参差不一，同质化现象严重，无法满足用户需求。加上经营管理经验和相应人才缺乏，诸多服务水平还有待提高。此外，我国现有营地推出的露营旅游产品比较单一，季节性变化差，注重观光忽略参与性，游客需求难以满足。
　　业内人士认为，在营地体量扩增的同时，整体上还没有形成一个很好的盈利模式。其一，营地的商业逻辑还处于摸索和检验调整阶段；其二，早期营地从业者多是玩家，玩户外、玩房车，如中科院建筑设计研究院规划研究所所长绪宪亮所言，只是把国外模式搬到国内，但没有探求到营地市场的真正需求点，对营地逻辑理解相对狭隘，从业者的能量和水平还有所欠缺。
　　从量变到质变仍需要过程
　　在孙建东看来，营地更大的市场机会已经很明显，大家都在抢这个风口，但如果选址、定位、投资模式等不太对，可能导致出现盈利问题。他同时提到近两年有一个非常显著的变化，即一些酒店、地产类优秀企业正跨界进入营地行业，带来一些专业的开发运营理念，有可能把营地行业带到一个新方向乃至新高度。
　　这种专业体现在营地场景的打造、消费链条的构建，以及对投资有非常清晰的精算，而不像早前传统的营地从业者盲目投资拿地建设。他以一家知名酒店集团为例，该集团在打造营地产品时，对每个产品的成本控制、回报周期等，在投资之前已有非常清晰的测算。比如在客房里增加一个浴缸还是不增加，两者的定价差多少钱，都有精确测算。这几个维度的清晰化要达到的效果是，让市场定位或客群定位更精准，这样更容易形成盈利模式。
　　孙建东认为，从跨界的逻辑来说，未来景区、旅游特色小镇或体育特色小镇，可能都要配套营地，作为一种基础性配套来提供营地服务，或者说作为这些领域的重要“入口”。一种可能是游客去某个景区，不是因为景区本身，而是其配套的营地，自驾游的不断扩增是一个支撑逻辑。
　　这也使得营地具备了更多的盈利可能性，其市场想象空间更大，对吸引资本的进入有帮助。孙建东透露，资本对营地行业有很多关注，但可能因为盈利模式还不够清晰，真正“下手”的资本还不是很多。
　　目前来看，资本的接续涌入已是趋势，加上新政策推动，营地行业的发展也自在情理之中。有预测认为，2018年中国营地将仍旧以数量型增长为主，但更加重视品质、运营和服务，提升单个营地的综合实力也是趋向。
　　孙建东认为，按照中国市场的供给需求，预判营地在未来三到五年甚至更长时间内，还将有大规模的数量增长，在三年左右的时间里会有一些营地企业被收编，形成连锁化、品牌化运营，这是质量的一个变化。",[]
15,2018,2018,29,PPP加强版核心文件酝酿出台 专家：防风险仍为重点,"摘要
【PPP加强版核心文件酝酿出台】《经济参考报》记者获悉，PPP领域将迎来加强版纲领文件，初稿或于近期完成。业内人士透露，防风险仍为核心，10%红线变动可能性不大，防范地方政府借道基金预算违规操作也是重点方向；同时，将着力加强项目入库管理，第三方机构规范，理清权责分配，完善制度保障。（经济参考报）


　　 《经济参考报》记者获悉，PPP领域将迎来加强版纲领文件，初稿或于近期完成。业内人士透露，防风险仍为核心，10%红线变动可能性不大，防范地方政府借道基金预算违规操作也是重点方向；同时，将着力加强项目入库管理，第三方机构规范，理清权责分配，完善制度保障。　　目前正在修订的两份核心文件为2014年底财政部发布的《政府和社会资本合作模式操作指南(试行)》(财金[2014]113，以下简称“113号文”)以及2015年4月发布的《政府和社会资本合作项目财政承受能力论证指引》(财金[2015]21号，以下简称“21号文”)。其中，113号文是我国本轮推广PPP模式中出台时间最早、规定事项最完整的政策文件，21号文则为保障政府履行合同义务，有效防范和控制财政风险提供重要支撑。　　两份文件运行的这三年多，是我国PPP行业高速发展的时期，经历了项目的爆发期，也暴露出一些问题，包括借道PPP变相融资、注重短期利益轻视长期运营，个别地区还出现纯付费的、政府兜底类的“假股真债”等现象。　　期间，财政部、发改委等部委及许多地方政府相继出台了大量更为细致的规定，针对具体问题作出调整，整顿、清理违规项目，并推进示范项目建设。与此同时，也一直在酝酿纲领性文件的进一步完善。　　中国财政科学研究院PPP研究所政策研究室主任鄢晓发对《经济参考报》记者透露，针对PPP模式在发展中出现的新问题、新需求，财政部已经开始组织专家修订这两份文件。　　“市场急需更加规范的纲领性文件，在基础设施和公共服务领域PPP条例未出台之前，这种纲领性文件对市场具有明显的引导作用。”中国财政科学研究院PPP研究所成果转化室主任卓识表示。　　此次法案修订，财政承受能力10%红线是否有调整备受关注。卓识表示，“10%的红线，是在参考借鉴国际通行标准(6%-7%)的基础上、结合我国城镇化发展实际需要、经过反复论证最终确定的‘上限’，依照总量控制原则，从全国财政收入和支出的全方位通盘进行考虑的，所以10%红线不太可能有变化。”　　针对很多地方借基金预算，规避10%红线的现象，一家PPP咨询公司负责人说，“土地是地方政府投资项目最重要的资源，利用基金预算进行操作则是地方比较熟练的操作模式。甚至有些PPP项目在一般公共预算里一分钱都没有，全部都在政府性基金预算里，政府以土地等形式进行补贴，规避了10%财政承受能力红线限制。”　　基金预算不稳定，周期与PPP回报也不匹配，相比一般预算，评估和管理都将更加困难。并且考虑投资人要求的风险溢价，基金预算支出成本将会更高，这无形中加大了政府财政支出责任。因此，如何合理、规范地使用政府基金预算会成为21号文的修订重点之一。　　鄢晓发指出，对于如何规范政府基金预算在PPP项目中的应用，目前有两个方向，一是把一般公共预算和基金预算统一纳入财政支出能力评估范围并统一管理，这相当于扩大了财政支出的分母基数，会涉及10%比例如何平衡的问题；二是两者分开评估和管理，需要设定以基金预算形式参与PPP的规范问题。不管哪种形式，一些以不合理运用基金预算为手段，变相突破10%红线的行为都将在修订版文件中得到规范。　　除了继续打好防风险攻坚战，还应该加强对PPP项目入库的管理和规范。卓识建议，参照行政管理和政府信息公开条例，保障项目信息公开，健全信息反馈渠道，进一步加强市场对项目推进和PPP行业发展的信心。　　下一步，还要加强对PPP咨询机构的管理。卓识表示，PPP行业已经走过了市场的自我调节阶段，政府在PPP咨询市场将会出台更多的干预措施，预计将从行业划分、区域划分、从业人员要求等方面，对PPP咨询机构进行更加规范化的管理。　　此外，本次文件修订的另一个重点，就是厘清政府和社会资本的权责分配问题。将双方享有的权利和承担的风险更加合理化，同时利用权责机制，促进PPP项目发挥更大的效用，避免资源和资金的浪费。　　最后，还要从根本上强化制度保障。业内人士表示，积极推进PPP立法，制定PPP项目全生命周期管理制度，加速落实“法律+政策+操作指引+合同”四位一体的PPP制度构建，是确保PPP规范有序推进的重要保障。　　相关报道>>>　　个别PPP中介恶意低价抢标须整治　　PPP投资规模、总量双下降 专家建言瞄准经营类项目商机　　PPP核心文件正在修订 10%财政承受能力“红线”会被突破吗",[]
16,2018,2018,28,中小企业占南京市全市规上工业总量八成,"6月27日是联合国确定的第二个“国际中小企业日”，记者从当天市经信委、市中小企业服务中心举办的主题论坛上获悉，近年我市中小微企业发展呈现出质量、效益同步提升的良好态势，今年1—5月，中小企业累计实现主营收入3675亿元，占全市规上工业总量的八成。 
　　市经信委中小企业处副处长刘尊瑞介绍，去年我市共有2569家规上中小工业企业，累计实现工业总产值7281亿元；全市注册私营企业累计达到55万户，注册资本1.9万亿元、增长45.4%。今年1—5月，全市规上中小工业企业累计实现主营收入3674.9亿元，同比增长12.2%，占全市规上工业总量的79.4%；累计交纳税收171.2亿元，占全市规上工业企业交纳税收总额的52.8%；累计支付职工薪酬134.7亿元，同比增长8.2%，中小企业从业人员37.6万人，占规上工业企业从业总人数的61.7%。 
　　为推动中小企业高质量发展，为工业经济持续增长提供有力支撑，我市自2014年启动“专精特新”中小企业培育工程，每年入库培育企业超过100家。目前全市“专精特新”入库培育企业共有708家，其中市级“单项冠军”培育企业30家，省级“科技小巨人”企业21家，国家级“单项冠军”企业5家。 
　　目前，全市共有市级以上小微“双创”基地98家，其中国家级2家，省级42家，全市小微“双创”基地建筑面积达到580万平方米，入驻小微企业超过7000家，吸纳就业12万人以上。",[]
17,2018,2018,28,央企履责十年国投晒社会责任成绩单,"6月28日，国家开发投资集团有限公司(以下简称国投)在京举行发布会，庆祝中国共产党成立97周年并发布《党建报告(2013-2017)》和《2017企业社会责任报告》。
　　这是国投第十次发布年度社会责任报告。2008年国务院国资委印发《关于中央企业履行社会责任的指导意见》，十年来国投坚持每年发布报告。同时作为央企中唯一的投资控股公司，国投也一直在探索具有投资公司特色的履责之路。本次发布会国投首次提出“五心行动”责任品牌计划，明确了公司新的责任理念和社会责任体系架构。
　　国投党组书记、董事长王会生出席会议并致辞。王会生介绍，国投首次把服从服务于国家战略，以灵活的双手为美好生活补短板，为新兴产业做导向，明确写入社会责任报告。他说：“央企目前最大的社会责任就是脱贫攻坚。”对于国投来说，履行社会责任是与生俱来的使命。国投将产业扶贫、智力扶贫和乡村治理能力的建设结合起来，探索符合中国国情的精准扶贫模式。国投首创基金式扶贫，运用扶贫基金引导资本，对贫困地区具有特色和发展潜力的产业进行投资，以市场化路径促进贫困地区的产业发展，带动贫困群众就业，实现精准脱贫，稳定脱贫。
　　王会生说，国投连续第十年发布社会责任报告，披露公司履行社会责任的进展与成效，同时创新性提出国投社会责任品牌计划——“五心行动”责任品牌计划。该计划明确公司社会责任体系架构，指引公司社会责任实践方向，努力创造经济、社会和环境的可持续价值，服务国家战略，服务公司发展，服务人民对美好生活的需求，是新时代国投履责尽责的里程碑。
　　国投党组副书记、总经理施洪祥解读“五心行动”并发布《国投2017企业社会责任报告》。他指出，国投首次创新性提出从心出发、匠心经营、倾心守护、真心奉献、爱心相通“五心行动”责任品牌计划，与国投的政治责任、经济责任、环境责任、社会责任、海外责任相对应。
　　具体来说：初心是一切工作的起点。2017年，国投深入学习贯彻党的十九大精神，推进党建重点工作在公司落实落地，全面加强党组织对公司各项事业的领导。“卓越党建管理”在国投近500个基础党组织实践运用，有效解决基层党建工作“四个化”问题。中组部党建读物出版社出版发行“卓越党建管理”系列丛书——《国有企业党组织工作实务》，为国有企业提供了可复制、可推广的党建工作经验和鲜活案例。
　　匠心是恪守使命的担当。2017年，国投与中央部委、地方政府、中央企业广泛展开战略合作；发起设立并管理国家新兴产业创业投资引导基金、京津冀科技成果转化创业投资基金等多只具有重要社会影响力的基金，引领投资了宁德时代、“蓝鲸1号”超深水钻井平台等一大批先进制造业项目。金融业务方面，国投安信与国投资本重组整合，实现了集团金融资产的整体上市。2017年，国投实现利润182亿元，连续13年获国务院国资委经营业绩考核A级。
　　倾心是美丽家园的守护。2017年，国投继续加大对水电、风电、光伏、生物质能等清洁能源的投资开发力度，着力将雅砻江水电打造成世界级清洁能源示范基地。通过发展绿色金融，探索绿色融资渠道。中投保成为“京津冀区域大气污染防治中投保投融资促进项目”执行机构，建立起绿色融资促进平台。国投北疆成功发行国内首单绿色短期融资券。2017年，节能减排投入资金100,419万元，供电煤耗同比下降6.95克标煤/千瓦时，减少二氧化碳排放约79.83万吨。
　　真心是家国天下的情怀。2017年，国投无偿捐赠资金总额4,427.13万元。截至2017年底，国投参与设立并管理的贫困地区产业发展基金和中央企业贫困地区产业投资基金完成投资项目78个，项目投资金额102亿元，引领撬动社会资本超1,000亿投入贫困地区。这些投资项目投产后将带动24万贫困人口就业，可为贫困人口提供收入15亿元/年，为地方政府提供税收13亿元/年。
　　爱心是互联互通的语言。2017年，国投国际业务营业收入总额333.03亿元，国际业务资产总额425.89亿元。其中，“一带一路”沿线国际业务资产总额255.6亿元，占总额比重超过76%。
　　中国社会科学院工业经济研究所所长黄群慧代表第三方对国投《2017企业社会责任报告》发表意见。他认为，报告紧扣新时代、新要求，围绕“五心行动”责任品牌计划和国家重大发展战略，全面、客观、深入地反映了国投2017年在政治、经济、社会、环境等方面的履责实践及成效，是一份充满新意和诚意的企业社会责任报告。
　　国务院国资委副秘书长彭华岗说，今年是国投集团发布社会责任报告的第十个年头，十年时间见证了国投快速发展：总资产由1758亿元增长到4941亿元，经营收入从421亿元增加到1013亿元，实现利润从50亿元增幅到182亿元，连续13年获得国资委年度经营业绩考核A级和连续四个任期获得业绩优秀企业。
　　彭华岗说，在履行社会责任上，国投是合格的答卷人。国投在创造出自身价值的同时，牢记以国家战略为己任的初心和使命，把回馈社会、造福人民作为理念和追求，实现了社会责任和企业经营的有效融合，向创建伟大企业迈出了坚实的步伐。他代表国资委对国投提出三点要求：一、坚持党的领导，做党建工作的标杆；二、坚持深化改革，做综合改革的标杆；三、坚持履行社会责任，做造福社会的标杆。希望国投始终坚持铸就伟大企业的梦想，服务服从于国家战略，创新开展“五心行动”，以灵活的双手为美好生活补短板，为新兴产业做导向，让改革发展的成果更好地惠及全体人民，更好地满足新时代人民群众对美好生活的向往和需求。","['宁德时代', '国投资本']"
18,2018,2018,27,发改委：完善企业外债备案登记管理 防范外债风险,"据国家发改委官方微博消息，为切实有效防范外债风险和地方政府隐性债务风险，守住不发生系统性风险的底线，近日，国家发展改革委、财政部联合印发了《国家发展改革委财政部关于完善市场约束机制严格防范外债风险和地方债务风险的通知》。为准确理解和全面把握《通知》的有关精神，推动《通知》顺利实施，记者采访了国家发展改革委有关负责人。
　　问：请介绍一下《通知》出台的背景。
　　答：近两年，我们注意到，部分企业尤其是房地产、地方政府融资平台等企业外债发行规模有所增加。这些企业评级情况参差不齐，有的经营收入和利润不高，自身实力有限，但申请备案登记的外债规模偏大，动辄五、六亿美元，甚至高达数十亿美元，申请发债规模与自身实力不相匹配。有的缺乏以项目本身收入偿还贷款的能力。部分企业由于没有外汇收入来源，抵御汇率波动风险能力较弱。
　　为全面贯彻落实党的十九大和十九届二中、三中全会精神，认真落实中央经济工作会议和全国金融工作会议部署，切实有效防范外债风险和地方政府隐性债务风险，守住不发生系统性风险的底线，国家发展改革委会同财政部对企业特别是地方国有企业的外债风险进行了深入研究，于近期联合印发了《关于完善市场约束机制严格防范外债风险和地方债务风险的通知》，从完善公司治理结构、强化信息披露、加强监管协作等方面，对下一阶段企业发行中长期外债工作进行了部署。
　　问：请介绍企业境外发债管理工作的主要情况及下一步工作思路。
　　答：2015年9月我委发布《关于推进企业发行外债备案登记制管理改革的通知》(以下简称“2044号文”)，实施企业外债备案登记制管理改革，为企业境外发债提供了较大便利，受到市场主体的普遍欢迎。2017年，企业境外发债2358亿美元。2018年1-5月，企业境外发债992亿美元，同比基本持平。
　　目前存在的问题主要包括三个方面：一是境外发债主体结构有待进一步优化，比如地方城投公司评级整体较低，房地产企业境外发债规模增长较快等。二是企业境外发债风险防控需要加强，部分企业自身资信情况一般，外债偿还能力受到关注。三是部门之间外债管理协调配合机制有待完善。
　　为解决上述问题，需要我们不断改进完善企业境外发债备案登记工作。下一步，我们将会同有关部门，按照“控制总量、优化结构、服务实体、审慎推进、防范风险”的外债管理原则，健全本外币全口径外债和资本流动审慎管理框架体系，合理控制外债总量规模，优化外债结构，有效防范外债风险。一是着力优化外债结构，重点支持一批综合经济实力强、国际化经营水平高、风险防控机制健全的大型企业和金融机构赴境外发债，引导资金投向创新发展、绿色发展、新兴产业、高端制造业以及乡村振兴、京津冀协同发展、长江经济带、“一带一路”建设和国际产能合作等重点领域项目，加大对实体经济的支持力度，有力推进供给侧结构性改革和新旧动能转换，推动经济高质量发展。二是尽快制定《企业发行外债登记管理办法》。在总结外债备案登记两年多来实行效果的基础上，进一步听取地方、企业、金融机构、中介机构等方面的意见建议，明确发债企业资质要求和条件标准，完善备案登记申报方式和办理程序，不搞变相行政审批，防止自由裁量，为企业跨境融资提供更多便利。同时，加强外债信息汇总和事中事后监管，明确违规约束措施，规范备案登记管理。三是规范企业举债有关资质要求和资金投向，加强外债风险预警，出台违规行为惩戒措施，完善市场约束机制。同时，引导规范房地产企业境外发债资金投向，房地产企业境外发债主要用于偿还到期债务，避免产生债务违约，限制房地产企业外债资金投资境内外房地产项目、补充运营资金等，并要求企业提交资金用途承诺。四是督促指导市场主体和中介机构主动加强国际资本市场分析研判，合理配置资产负债，优化币种和久期匹配。引导企业使用货币互换、掉期、远期外汇、期权等衍生产品防范汇率风险，降低债务成本，增强偿付能力。五是完善部门间协同监管机制，主动加强与国家外汇局等部门的沟通协调和信息共享，强化监管统筹。
　　问：关于加强外债风险防范，《通知》提出了哪些具体要求？
　　答：一是着力支持综合经济实力强、国际化经营水平高、风险防控机制健全的大型企业赴境外市场化融资。
　　二是要求拟举借外债企业具有完善的公司治理结构、管理决策机制和财务管理制度，实现实体化运营，同时企业要加强外债的“借、用、还”全过程管理。
　　三是鼓励企业外债募集资金重点用于支持创新发展、绿色发展、新兴产业、高端制造业以及“一带一路”建设和国际产能合作等。外债资金支持的募投项目，要建立市场化的投资回报机制，形成持续稳定、合理可行的财务预期收益。
　　四是规范拟举借企业外债信息的披露。在相关文件中，要明确举借债务由发债企业作为独立法人负责偿还。
　　五是引导拟举借外债企业关注外汇市场变化，灵活运用货币互换、利率互换、远期外汇买卖、期权、掉期等金融产品，合理持有外汇头寸，有效防控外债风险。
　　六是加强事中事后监管和对违规发债企业、中介机构等主体及其主要负责人的问责力度，实施跨部门联合惩戒，及时公开通报，并限制相关责任主体新申请或参与外债备案登记工作。
　　问：《通知》下发后还有哪些工作考虑？
　　答：为确保《通知》能够得到有效贯彻执行，国家发展改革委将着力做好三项工作。一是加强宣传引导，督促有关部门、企业及中介机构按照通知要求做好企业境外发债有关工作。二是加强指导监督，着力提高全国发展改革系统的监管能力。三是加强惩戒处罚力度。我委将会同有关部门加强对企业外债发行领域信用体系建设，将外债发行违规主体和相关责任人纳入信用记录，实施联合惩戒。此外，将对境外发债违规企业及相关中介机构实行“三次警示制度”，根据企业违规次数，分别采取约谈、通报违规行为，以及暂停其外债备案登记或参与发行外债资格等惩戒措施，近期我们已专门发布了新闻稿件对此进行重点解读。","['微博', '房地产']"
19,2018,2018,28,商务部：世贸组织成员从中国巨大的市场中获得机会,"今日，国新办今日就《中国与世界贸易组织》白皮书有关情况举行发布会，商务部副部长兼国际贸易谈判副代表王受文在发布会上介绍，没有一个WTO成员因为中国加入世贸之后经济恶化，中国加入世贸组织以后，又有24个经济体加入了世贸组织，他们也从中国巨大的市场中获得了机会。
　　以下为发布会实录：
　　记者：有观点认为加入世贸组织以后，中国成为了多边贸易体制的最大受益者，同时其他的成员因此吃了亏，请问您对此怎么看待？
　　王受文：中国加入世贸组织以后，中国开放了我们的商品市场，中国开放了我们的货物市场，开放了我们的投资市场。这些开放为全世界的贸易伙伴，不论是发达成员还是发展中成员，都带来了巨大的机会。可以说中国加入世贸，为中国、为我们的贸易伙伴创造了互利共赢、共同发展的机遇。我举个例子，美国是中国的一个非常重要的贸易伙伴，2001年的时候，美国对中国的出口只有260亿美元，占到美国全部出口的只有2%。中国是美国的第11大出口市场，中国刚刚加入世贸的时候，那一年中国的市场对美国来说只占到它出口总额的2%，第11大市场可以说无足轻重。去年中国已经成为了美国的第3大出口市场，美国对中国的出口已经占到美国出口的8%，将近1500亿美元。可以看出来，中国加入世贸给美国出口带来了机遇。
　　我们再比较一下，从2008年到2017年，美国对中国的货物出口增长86%，这十年增长86%，但同期美国对其他世界市场出口只增长了21%。就服务来说，2007年到2016年，这十年美国对中国的服务出口增长了3倍。但是对其他市场服务业的出口只增长50%，在服务业方面，中国也给美国带来了巨大的机遇。
　　再举一个例子，由于中国市场开放，越来越多的美资企业在中国创业，在中国投资，在中国发展。2001年的时候，美资企业在中国市场销售额只有3600万人民币，到2016年的时候，美国企业在中国市场销售6000亿美元。这6000亿美元给美国的企业带来多大的利益。这就是美国的获利。
　　再比如大家关心的知识产权，2001年的时候，中国对全世界支付的知识产权使用费只有19亿美元，但是到2017年的时候，中国对美国支付的知识产权使用费就是71.3亿美元。大家从这些数字可以看出来，中国加入世贸给美国带来的机遇。
　　中国加入世贸也给很多发展中国家带来了机遇，这有很多的例子，我就不说了，给大家提供一个有代表性的数字。中国加入世贸以后，我们对与中国建交的最不发达国家给予了97%的税目免关税的待遇。中国成了最不发达国家最大的出口市场，占到这些最不发达国家出口的20%。所以中国加入世贸在这些方面给发展中国家带来了巨大的机会。
　　国际组织有一个测算，2002年以来，中国经济的增长对世界经济的平均贡献率接近30%。因为中国的进口增长非常迅速，2001年到2017年，中国的货物进口增长平均是13.5%，是世界进口增长速度的两倍。同期中国服务贸易进口平均增长16.7%，是世界平均水平的2.7倍。中国巨大的市场开放，给世界经济做出了巨大贡献。
　　再回到你的问题上来，说只有中国获利，别人都吃亏了，这完全不符合事实。实际上，没有一个WTO成员因为中国加入世贸之后经济恶化或者受到吃亏，没有这样的情况。在中国加入世贸组织以后，又有24个经济体加入了世贸组织，他们也从中国巨大的市场中获得了机会。
　　中国继续坚定支持多边贸易体制，走开放融通、互利共赢的道路。我们也期待着与所有的WTO成员一起能够不断地完善，与时俱进的改革多边贸易体制，推动经济全球化朝着一个开放、包容、普惠、平衡、共赢的方向发展。",['国际贸易']
20,2018,2018,27,财政部拟进一步规范政府购买服务行为,"财政部拟进一步规范政府购买服务行为
　　严禁以政府购买服务名义违规举债
　　财政部26日发布《政府购买服务管理办法(征求意见稿)》(以下简称新《办法》)，向社会公开征求意见，公众可在7月25日前提出相关意见。新《办法》明确负面清单，对政府购买服务内容作了全面、明确的禁止性规定，严禁以政府购买服务名义违法违规举债融资。
　　据悉，财政部在2014年发布过《政府购买服务管理办法(暂行)》，该办法出台以来，购买领域不断拓展，购买资金规模快速扩大，政府购买服务改革工作取得阶段性进展和成效。同时，随着近几年改革实践的深入开展，也出现一些新情况、新问题，《办法》不能完全适应现实的需要。
　　财政部表示，研究起草新《办法》是为进一步健全政府购买服务制度，加强和规范政府购买服务管理，积极有序推进政府购买服务改革。
　　在购买主体方面，新《办法》明确，各级行政机关是政府购买服务的购买主体；党的机关、人大机关、政协机关、监察机关、审判机关、检察机关、民主党派机关、承担行政职能的事业单位、纳入行政编制管理的群团组织机关，参照有关规定执行。
　　当前政府购买服务工作中比较突出的一个问题是购买内容泛化，很多地方以政府购买服务名义违法违规举债融资或用工，加剧了财政金融和人事管理等风险。2017年5月，财政部印发《关于坚决制止地方以政府购买服务名义违法违规融资的通知》，严禁借政府购买服务名义变相举债进行工程建设。
　　新《办法》结合该通知要求，明确负面清单，对政府购买服务内容作了全面、明确的禁止性规定。以下各项不得作为政府购买服务的内容并列入指导性目录：不属于政府职责范围的服务事项；应当由政府直接履职的行政管理性事项，包括但不限于行政决策、行政执行、行政监督等事项；服务与工程打包的项目；融资行为，等等。
　　鉴于当前一些地方实施的政府购买服务项目，在合同期限上超出了年度预算、中期财政规划的安排，没有据实足额安排购买资金，以及有的单位认为实行政府购买服务就意味着要新增财政支出等问题，新《办法》明确，政府购买服务应当先有预算、后购买服务，购买主体不得将实施政府购买服务作为申请增加本单位预算支出的依据。购买主体应当做好购买服务支出与年度预算、中期财政规划的衔接，确定购买服务项目时，应当确认涉及的财政支出已在年度预算和中期财政规划中安排。",['工程建设']
21,2018,2018,27,上海证券交易所：与改革开放和 资本市场建设“同脉搏”,"对于中国资本市场而言，2018年是具有里程碑意义的一年。今年以来，A股正式纳入了明晟(MSCI)新兴市场指数，市场互联互通进一步深化拓展，沪伦通各项准备工作有序推进，原油期货成功上市。资本市场改革开放的步伐，更加坚定而有力。
　　回顾改革历程，正是证券交易所的出现，拉开了资本市场建设的大幕。28年前，上海证券交易所成立，成为国内第一家证券交易所。开业当天，交易所里仅有30只证券上市，其中包括被称为“老八股”的飞乐音响等股票。但发展至今，上海证券交易所已经成为拥有股票、债券、基金、衍生品四大类证券交易品种、市场结构较为完整的证券交易所，仅沪市上市公司就超过1300家。
　　在改革开放中诞生，又在改革开放的新征程中再出发，上海证券交易所的发展始终与改革开放的进程紧密相关。面对服务实体经济、防控金融风险、深化金融改革三项时代重任，上海交易所在向世界领先交易所迈进的同时，也肩负着比以往更为重要的职责和使命。
　　不改革，无发展
　　截至2017年末，上海证券交易所的上市公司达到1396家，总市值33万亿元；全年股票累计成交金额51万亿元，筹资总额7578亿元。此外，沪市的投资者开户数量已达2.63亿户。
　　放在上海证券交易所成立之初，是市场和股民无法想象的规模。但这28年里，上海证券交易所真正的变化，还不是这些数字背后惊人的增速，而是中国证券市场从无到有、从疯狂到规范的蜕变。
　　在刚刚结束的2018年陆家嘴论坛上，中国人民银行上海市分行原行长龚浩成回忆证券市场改革时，就特别提到了证券交易所的成立。1989年12月2日上午，时任上海市委书记、市长朱镕基召开了市委常委扩大会议，专门研究金融问题。参会的除市委常委外，还包括工、农、中、建行长以及人民银行副行长、华东师大和财经大学教授。而那次会议讨论的问题，就是引进外资和办证券交易所。
　　“当时中国社会对证券交易所的思想认识问题，并没有得到根本解决。不少人纠结于交易所姓‘资’还是姓‘社’的问题。”龚浩成回忆道。
　　在这场会上，上海证券交易所三人小组成立，上海证券交易所开业的日期也基本确立。1990年，朱镕基在香港出席一个记者招待会时宣布，上海证券交易所将在年内宣告成立。
　　在此之前，上海已经有了第一个证券柜台交易点，政府和企业通过证券市场也可以进行筹资。但由于没有二级市场交易，资本市场的基础功能仍未能得到发挥。直到现在，仍有市场观点认为，在当时的市场环境、监管条件、投资意识下成立证券交易所，并不具备成熟的条件。
　　但成立上海证券交易所的这次改革，肩负着的是继续推进改革开放的信心与立场。1990年11月26日，上海证券交易所正式成立。12月1日，深圳证券交易所试营业。由此，中国证券市场的大幕正式拉开。
　　1990年12月19日，上海证券交易所在上海浦江饭店举行了开业典礼。开业之初，上交所共有30只证券上市；包括国债5只、企业债券8只、金融债券9只、公司股票8只。这其中，最初上市的“老八股”更为市场熟知，这些企业都是上海本地企业，且普遍具有规模小等特点。
　　尽管交易品种和数量极为有限，但初次投身证券交易，中国股市狂热无比。证券研究史学者陆一在著作中回顾，上海股票市场发展之初，股票供求严重失衡，投机和操纵因素浓厚，交易空前活跃，街头上甚至出现了倒卖股票的“黄牛”。
　　正在起步中的交易制度与系统也迎来挑战。开业之初，上海证券交易所只有20多个席位处理交易，而当时上海已有上万投资者。陆一在著作中回忆，当时，上海证券交易所完成一笔股票交易最长甚至要用半个多月。这种处理方式和效率，根本无法应对未来的异地交易。此外，当时沪深市场都实行涨跌停制度，可以突破价格限制的场外黑市开始慢慢兴起。
　　为解决这一难题，上海证券交易所在1991年起尝试创建无纸化交易、结算制度；当年7月，正式开始实施股票账户制度，成交后电脑完成自动过户。推行无纸化的过程，总共花费了不到一年的时间。而事后回顾，这次改革，上海证券交易所走在了当时全球证券交易所之前。
　　发展并不能一路坦途，改革也避免不了跌宕；这是上海证券交易所成立后的最初几年里的真实写照。在试错和摸索之中，上海证券交易所完成了它的首秀，也清楚地看到未来要面临的挑战与机遇。
　　以开放，促发展
　　经过28年的发展，上海证券交易所目前拥有股票、债券、基金、衍生品四大类证券交易品种。截至2017年末，除股票市场之外，沪市债券市场累计成交247.3万亿元，基金市场累计成交7.8万亿元，衍生品市场全年累计成交893.1亿元。
　　在改革开放的新征程中，交易所也肩负着比以往更为重要的职责和使命。
　　为不断提升服务实体经济的能力，上海证券交易所正推动市场结构的优化升级，推动扩大直接融资比重。这其中，又以持续开展的新蓝筹行动最受市场关注。目前，上海证券交易所正积极培育优质上市资源，重点服务于传统产业优化升级、新经济、高技术等优质企业，为扩大股权融资提供有力支持。加大上市公司并购重组支持力度，鼓励出清落后产能，培育和注入新技术、新业态，推动供给质量提高。“中国重工”实施央企首单市场化债转股，“三六零”实现重组上市等，都是典型案例。
　　交易所一线监管也被提上前所未有的高度。为牢牢守住不发生系统性风险的底线，当前，上海证券交易所的监管三条主线清晰明确。对于上市公司监管，持续深化以信息披露为中心；对于市场交易，已全方位对异常交易进行覆盖和监管；对于会员单位，建立“以监管会员为中心”的交易行为监管模式；同时还全面提高了债券和衍生品市场的一线监管力度。
　　与制度建设和改革相同步的是，上海证券交易所对外开放和国际化合作的步伐也在提速。
　　2011年起，上海证券交易所与约翰内斯堡证券交易所、巴西交易所、马来西亚交易所、越南河内证券交易所、内罗毕证券交易所等签署更紧密合作备忘录。尤其是在“一带一路”倡议提出以来，上海证券交易所与“一带一路”沿线国家交易所开展深度合作，入股巴基斯坦证券交易所、阿斯塔纳国际交易所、孟加拉国达卡证券交易所等，开始了全球化的布局。
　　值得标记的一个历史性节点，是2014年11月17日沪港通的正式启动。上海证券交易所与香港联合交易所同时举行了开通仪式。沪港两地证券市场成功实现联通，中国资本市场的国际化进程进入新纪元。在此之后，深港通成功通车。2018年，沪伦通业务也进入准备阶段，并有望在年内推出。
　　上海证券交易所理事长、党委书记黄红元在上任后的致辞中，描述了进一步开放的改革目标。他提到，上海证券交易所将加强与国际资本市场基础设施互联互通，打造成为全球最重要、规模最大、流动性最好的投资和资产配置管理中心之一；以支持和服务“一带一路”倡议为重点，创新国际化投融资工具，实现全球融通，成为全球最主要的融资中心之一；增强核心竞争力，积极参与全球交易所行业治理，充分发挥交易所在全球资本市场上的影响力、辐射力。","['飞乐音响', '陆家嘴', '银行', '中国重工', '三六零']"
22,2018,2018,29,半年考临近资金面现波动 央行重申货币政策保持中性,临近年中，市场利率再次被“赶考”的机构推高。6月28日，国债逆回购利率出现一波上涨，其中1天期隔夜国债逆回购(CG001)涨幅接近90%，最高触及12.4%，另外多期限国债逆回购利率也升破10%；上海银行间同业拆放利率(Shibor)虽在近期多项政策的合力呵护下整体下行，但跨6月末考核时点的一周、两周期产品利率也悄然爬高。当日晚间，央行发布货币政策委员会2018年第二季度例会内容，重申稳健的货币政策保持中性。业内人士认为，季末资金面难免有波动，但平稳跨季可期。　　01。重申货币政策中性　　据央行官网6月28日晚间发布的公告，货币政策委员会2018年第二季度例会于6月27日在北京召开。会议指出，要继续密切关注国际国内经济金融走势，加强形势预判和前瞻性预调微调。稳健的货币政策保持中性，要松紧适度，管好货币供给总闸门，保持流动性合理充裕，引导货币信贷及社会融资规模合理增长。继续深化金融体制改革，健全货币政策和宏观审慎政策双支柱调控框架，疏通货币政策传导渠道。　　这一政策基调在央行公开市场操作已有所体现。在已临近年中考的6月28日，央行实施800亿元7天逆回购，当日有600亿元7天、500亿元14天、700亿元28天逆回购到期，由此当日实现净回笼资金1000亿元。央行货币政策司表示，从历年规律看，6月是财政支出大月，预计当日财政支出吸收央行逆回购到期等因素后还将适当补充银行体系流动性。　　但在重申货币政策保持中性的同时，央行的措辞有了微变。在今年第一季度货币政策执行报告中使用的措辞还是“保持流动性合理稳定”。此次，有关流动性的表述为“保持流动性合理充裕和金融稳定运行”。这一措辞的改变在6月20日召开的国务院常务会议中就已提及。　　央行呵护资金面的意图也较为明显，本月央行释放流动性工具运用的频率提高。截至6月28日，央行在本月共进行了32次逆回购操作，分别是7天、14天和28天，合计投放资金1.29万亿元；同时间段到期的逆回购共回笼资金1.33万亿，净回笼资金400亿元。不过，6月24日，央行公布年内的第三次降准，决定从2018年7月5日起，下调法定存款准备金0.5个百分点，进一步推进市场化法治化“债转股”，加大对小微企业的支持力度，这次降准将向市场释放大约7000亿左右的资金量。　　02。年中考推升国债逆回购利率　　受资金面整体平稳影响，作为观察货币松紧晴雨表的上海银行间同业拆放利率(Shibor)连续下行。6月28日，除一周、两周Shibor利率微涨外，其他品种都呈下跌态势，其中隔夜Shibor利率跌幅最大，为15.6个基点，报2.289%，也是连续第6天下跌。　　不过，临近年中，在市场资金旺盛需求下，国债逆回购利率又出现一波上涨。6月28日，国债逆回购利率拉升，上交所GC001开盘成交在7.7%，最高触及12.4%，截至收盘报9.495%，涨幅高达88.58%；GC002开盘报7 %，日内最高触及11.005%，截至收盘报9.2%，涨幅40.24%；GC003和GC004日内最高也升破10%，收盘时小幅回落到9.2%左右，但涨幅也在近30%。　　深交所国债回购品种的利率走出振幅更大的“过山车行情”。其中，1天国债回购(R-001)开盘报6.1%，最高触及12.304%，截至收盘报5.650%，涨幅46.75%；R-002、R-003和R-004开盘均在5%上下，日内最高也均达到10%上下，收盘又回落到4%甚至3.5%。　　为何Shibor和国债逆回购利率出现不尽相同的走势？业内人士介绍，Shibor是系统重要性银行的理论借款成本，是一个报价均值，许多报价行本身还会根据自身的资金紧张情况酌情在Shibor上加点、减点。以一周Shibor为例，外汇交易中心显示的6月28日报价为2.841% ，比前一日涨0.7个基点，中信银行、光大银行的报价均在这一水平之上，分别为2.95%和2.9%。　　透过一周、两周期的Shibor利率，也能看出机构在年中“赶考”的迹象。北京商报记者注意到，一周期Shibor自6月25日便开始上行，至6月28日累计涨幅2.2个基点；两周Shibor自6月19日开始上行，至6月28日累计涨幅14.8个基点。从发行日期推算，这两只期限的产品均跨过6月末考核时点。　　03。去杠杆节奏将更温和　　事实上，在央行4月17日宣布降准置换中期借贷便利(MLF)后，市场资金面也曾连续几天反常地紧张，隔周1天期隔夜国债逆回购盘中一度升破10%，2-7天期品种利率普遍维持在6%以上，多家银行大额存单利率也在同期“加价”。银行缺钱的困窘表露无遗。　　但这也说明，今年以来央行的降准已不是“大水漫溉”的代名词。联讯证券首席宏观研究员李奇霖认为，定向宽松是经济防风险的需要，也是为了缓解去杠杆过程中，对民营和小微企业不对称的负面冲击。他分析称，今年来去杠杆的方向已经发生变化，去年政策着力点是金融机构的负债端，而今年是金融机构的资产端。天风证券银行业首席分析师廖志明预计，当前偏紧的信用环境将有所改观，去杠杆节奏更加温和。　　对于近在眼前的年中考，不少业内人士认为，季末资金面难免有波动，但平稳跨季可期。500金研究院院长肖磊表示，市场整体缺钱的状况可能还会持续，但降准等措施也将发挥作用，目前看半年考加剧了资金的稀缺效应，但也给市场传递了资金成本信号，会抑制一定的资金需求，再加上降准很快实施，会得到一定缓解。　　中南财经政法大学产业升级与区域金融湖北省协同创新中心研究员李虹含也表示，定向降准释放的流动性没有直接的利息成本、没有到期时间，因而直接降低银行资金成本，并给商业银行提供稳定的长期流动性。　　对于当前的货币基调，兴业证券研报指出，货币政策仍不离稳健中性的总基调，只是在当前国内外日趋复杂的经济金融环境下，进一步强化了预调微调的作用，央行会更加关注市场预期的稳定，更快应对外部冲击。,"['上海银行', '银行', '中信银行', '光大银行', '兴业证券']"
23,2018,2018,29,北京市将实现“二十四证合一”,"记者28日从北京市工商局获悉：6月29日起，北京市在已实现外贸领域“十五证合一”的基础上，再整合市财政局、市人力社保局、市住建委、市城市管理委、市农业局、市旅游委、市新闻出版广电局、市粮食局、市气象局等部门涉及信息采集、记载公示、管理备查类的涉企证照事项，实现“二十四证合一”。
　　此次改革是在本市已实现的“十五证合一”登记制度改革工作机制及技术方案的基础上，继续实行“一网申报、一窗受理”的办理模式。企业通过“e窗通”登记平台办理工商登记时，一并填报需合办的事项信息，工商部门直接核发加载统一社会信用代码的营业执照。被整合证照不再发放，不再要求企业提供关于整合证照事项的额外证明材料。属于工商登记后即完成备案的，工商部门在北京市企业信用信息网公示备案信息。属于工商登记后，备案结果需要主管部门确认的，工商部门在北京市企业信用信息网提供相关部门网站链接，并注明由相关部门公示事项备案情况。",[]
24,2018,2018,29,北京市2018年养老金平均提至4000元/月 7月15日补发到位,今天(6月29日)上午，北京市集中调整2018年六项社保待遇标准。其中，从2018年1月1日起，为北京市2017年底前退休、退职、退养的企业人员调整基本养老金。调整后，北京市企业退休人员基本养老金平均水平将提高到每月近4000元。此次调整从今年1月开始补发，7月15日可发放到企业退休人员手中。　　普涨50元后多缴多得适当向高龄退休人员倾斜　　按照人社部对全国的要求，今年养老金明确上调幅度为5%。统一采取定额调整、挂钩调整与适当倾斜相结合的调整办法。定额调整体现社会公平，同一地区各类退休人员调整标准基本一致；挂钩调整体现激励机制，使在职时多缴费、长缴费的人员多得养老金；适当倾斜体现重点关怀，主要是对高龄退休人员、艰苦边远地区企业退休人员等群体予以照顾。　　北京市此次调整遵循上述办法，首先定额调整每名退休人员的基本养老金：每名退休人员，每人每月增加50元。　　为贯彻多缴多得的原则，2018年继续实行与缴费年限挂钩普遍增加基本养老金的办法，其中，缴费年限满10年及以上的退休人员，缴费年限每满1年，每月增加3元；缴费年限不满10年的(不含建设征地农转工退休人员)，每人每月增加30元；缴费年限不满15年的建设征地农转工退休人员，每人每月增加45元。　　同时，将退休人员2016年年底前的月基本养老金由高到低划分三档，5270元(含)以上的每人每月增加40元；3770元(含)~5270元之间的每人每月增加50元；3770元以下每人每月增加60元。此次调整实施由少到多的绝对额标准逐渐加大倾斜力度，保障了待遇水平偏低的人员能够适当多增加基本养老金。为了兼顾公平，针对少数退休人员按绝对额调整养老金后低于下一档的，还将进行差额补足。　　今年北京市继续向退休时间早、年龄偏大的退休人员倾斜。对在2017年底之前已经年满65周岁及以上的高龄退休人员，在按照上述基本养老金调整办法进行调整后，再次享受到40元至70元四个档次的倾斜政策。即：65至69周岁的退休人员每人每月再增加40元；70至74周岁每人每月再增加50元；75至79周岁每人每月再增加60元；80周岁以上每人每月再增加70元。　　月最低工资增到2120元失业保险每档上调244元　　今日上午，北京市人社局宣布，包括企业退休人员养老金、失业保险金、城乡居民基础养老金和福利养老金、工伤保险定期待遇与企业最低工资标准，都进行了调整。　　自2018年1月1日起，全市城乡居民基础养老金和老年保障福利养老金每人每月增加95元。基础养老金由每人每月610元提高到每人每月710元；老年保障福利养老金由每人每月525元提高到625元。此次调整从今年1月1日起开始执行，在7月底之前发放到位。　　今年，北京市最低工资标准由目前的每月2000元调整为2120元，增加120元。本次最低工资标准调整自2018年9月1日起执行。　　为提高失业人员收入水平，保障其基本生活，今年的失业保险金标准在现行基础上每档上调244元，自2018年9月1日起执行。,['保险']
25,2018,2018,27,山东推首批新旧动能转换优选项目450个 总投资1.8万亿,"6月26日上午，记者从新旧动能转换重大项目推介暨金融支持对接会上获悉，围绕做好“新”、“实”结合，通过重大项目专家评审，山东省推出了新旧动能转换重大项目库第一批优选项目450个，总投资1.8万亿元。
　　据介绍，首批优选项目中新兴产业占比59%，体现了新动能主导未来总体产业格局的示范导向；平均单体投资为39亿元，100亿元以上项目45个，50亿元以上项目85个；先期开工项目233个，计划2018年底前新开工项目175个，储备项目42个，项目梯次接续合理。
　　其中，新一代信息技术类项目围绕加强自主可控产品技术创新，突破核心芯片、高端服务器、传感器、工控系统等软硬件技术瓶颈，优选了国家北斗导航数据中心、济南天岳碳化硅芯片衬底材料、浪潮华光高能激光装备、富士康电子信息制造、海尔工业互联网平台等53个项目，总投资1040亿元。“这些项目能够填补我省在信息技术领域的布局空白和链条断点，显著提升我省信息产业支撑能力。”山东省重大办副主任孙来斌介绍。
　　高端装备制造类项目重点从轨交装备、航空装备、机械装备、机器人、汽车及其零部件等领域，优选了西王特钢高速重载钢轨、淄博牵引电机轨交控制系统、上汽通用新一代MPV汽车制造、新北洋智能终端设备、新松机器人北方区域总部等87个项目，总投资1307亿元。
　　新能源类项目32个，总投资1508亿元。以新能源汽车产业为突破口，推进实施中通客车、国金乘用车等新能源整车制造项目，国轩高科、菏泽玉皇等电池集成项目，瑞福锂业、石大胜华等高性能电池材料项目，实现在锂电池以及氢燃料电池两大方向上的新能源汽车全产业链发展。
　　新材料类项目52个，包括填补国内航空制造领域空白的南山铝业航空航天用铝合金项目，替代进口、实现我国高性能碳纤维自主保障的威海拓展纤维先进复合材料项目，以及打破国外技术垄断、实现国产化替代的东岳功能膜及高端氟硅新材料等项目，总投资710亿元。
　　医养健康类项目聚焦生物医药、医养健康、智慧医疗等领域，优选了国家健康医疗大数据北方中心、山东新时代药业新医药产业化、新华医疗医学影像产品产业化、蒙山国际医疗健康养老养生中心等40个项目，总投资831亿元。
　　高端化工类项目此次优选了打破跨国公司长达近半世纪垄断的烟台万华尼龙12项目，具有成本价格优势的南山乙烷综合利用项目，延伸石化链条的恒逸石化120万吨己内酰胺项目，市场需求旺盛的华鲁恒升年产150万吨绿色化工新材料项目，共计35个，总投资2992亿元。
　　海洋经济类项目从海洋工程装备、海洋生物医药、海洋牧场、海水淡化、海洋服务等领域优选了30个，总投资750亿元；现代农业类项目在农业三产融合、特色产品深加工、乡村旅游等乡村振兴重点产业领域优选了16个项目，总投资522亿元；文化旅游类项目优选了21个，总投资910亿元。
　　现代物流、创新平台和基础设施三类项目是产业发展的重要支撑和保障。其中，现代物流方面优选了菜鸟网络智能骨干网项目、济钢四新物流基地等12个智慧物流项目；创新平台方面，通过实施腾讯公司双创小镇等22个项目，强化企业的创新主体地位，提高创新资源市场化配置水平，为产业发展不断注入源头供给；基础设施方面，统筹高速公路、高速铁路、航空、港口等综合立体交通体系建设，共优选项目50个，总投资6156亿元。
　　“首批优选项目不仅是下一步实施重大工程的工作重点，也将是资源要素的的保障重点、先行先试政策的支持重点以及各级政府部门的推进重点，在新旧动能转换重大工程一年全面起势进程中将发挥重要作用。”孙来斌说。


                (原标题：山东发布推介首批新旧动能转换优选项目 总投资1.8万亿元)","['电子信息', '机器人', '西王特钢', '新北洋', '中通客车', '国轩高科', '石大胜华', '南山铝业', '新华医疗', '恒逸石化', '华鲁恒升', '高速公路']"
26,2018,2018,28,王受文：没有一个WTO成员因为中国入世而吃亏,"6月28日，国务院新闻办公室发表《中国与世界贸易组织》白皮书并举行新闻发布会。商务部副部长兼国际贸易谈判副代表王受文在答问中表示，没有一个WTO成员因为中国加入世贸之后经济恶化或者吃亏，在中国加入世贸组织以后，又有24个经济体加入了世贸组织，他们也从中国巨大的市场中获得了机会。
　　“中国加入世贸组织以后，开放了我们的商品市场，开放了我们的货物市场，开放了我们的投资市场。这些开放为全世界的贸易伙伴，不论是发达成员还是发展中成员，都带来了巨大的机会。可以说中国加入世贸，为中国、为我们的贸易伙伴创造了互利共赢、共同发展的机遇。”王受文说。
　　王受文指出，美国是中国的一个非常重要的贸易伙伴。2001年，美国对中国的出口只有260亿美元，占到美国全部出口的只有2%。当时，中国是美国的第11大出口市场，可以说无足轻重。去年，中国已经成为了美国的第3大出口市场，对华出口已经占到美国出口的8%，将近1500亿美元。可以看出来，中国加入世贸给美国出口带来了机遇。
　　王受文强调，从2008年到2017年，美国对中国的货物出口增长86%，但同期，美国对其他世界市场出口只增长了21%。就服务来说，2007年到2016年，美国对中国的服务出口增长了3倍，但对其他市场服务业的出口只增长了50%。
　　王受文还指出，由于中国市场开放，越来越多的美资企业在中国创业，在中国投资，在中国发展。2001年，美资企业在中国市场销售额只有3600万人民币，在2016年已经增长到6000亿美元。
　　至于美国政府反复强调的知识产权，王受文指出，2001年，中国对全世界支付的知识产权使用费只有19亿美元，但2017年，中国对美国支付的知识产权使用费就是71.3亿美元。
　　中国加入世贸也给很多发展中国家带来了机遇。据介绍，中国加入世贸以后，向与中国建交的最不发达国家给予了97%的税目免关税的待遇。“中国成了最不发达国家最大的出口市场，占到这些最不发达国家出口的20%。”
　　据国际组织测算，2002年以来，中国的经济增长对世界经济的平均贡献率接近30%。2001年到2017年，中国的货物进口增长平均是13.5%，是世界进口增长速度的两倍。同期，中国服务贸易进口平均增长16.7%，是世界平均水平的2.7倍。",['国际贸易']
27,2018,2018,27,贵州向全球发布总投资400多亿元100个招商引资项目,据报道，在日前举行的贵州省金融机构助力产业大招商恳谈会上，贵州向全球发布了年度第四批100个招商引资项目，总投资达487.6亿元。截至目前，贵州省今年已面向全球发布招商引资项目500个，投资总额超5400亿元。,[]
28,2018,2018,27,上海金融要素市场快速发展,"金融是实体经济的血脉，也是上海城市的核心功能之一。目前，上海已成为全球金融要素市场最齐备的城市之一，可以说，上海金融要素市场的快速发展是我国改革开放40年的重要里程碑之一。抚今追昔，在上海目前拥有的十多家国家级金融要素市场中，尤以上海证券交易所和中国外汇交易中心的 “破冰而出”最受国内外关注。
　　上海证券交易所是在当时国内国际因素的综合影响下应运而生的。一方面，改革开放后，随着商品经济的发展和股份制企业的出现，证券交易场外市场开始形成和发展，黑市交易也渐渐抬头，这使得建立一个规范集中统一的场内交易市场变得越来越有必要。另一方面，结合当时的国际形势，建立证券交易所也有利于树立我国坚持改革开放的国际形象。
　　1989年12月2日，上海市委召开常委扩大会议，决定建立上海证券交易所，这标志着上海证券交易所进入筹建阶段。1990年11月26日，上海证券交易所第一次会员大会和上海证券交易所成立大会在上海华南宾馆召开。当年12月19日，上海证券交易所在黄浦路15号浦江饭店开业，11点整，开市锣声敲响，上海证券交易所正式开始交易，首批上市品种共39只，其中股票8只(俗称“老八股”)、债券31只。
　　上海证券交易所是新中国成立以来我国大陆开业的第一家证券交易所，是中央关于开发开放浦东战略决策付诸实施的一个重要步骤，标志着我国证券市场基本框架的建立。它向世界表明，我国将坚定不移奉行改革开放政策，将把发展金融事业放在十分重要的地位。
　　外汇市场也是我国金融领域长期探索的缩影。1979年，我国外汇管理体制从统收统支转向留成制，企业有了一定的外汇支配权，外汇调剂市场得以建立和发展。1980年10月起，中国银行开办外汇调剂业务。到1993年，全国共有18座城市开办了外汇调剂公开市场，建立银行间外汇市场的条件也随之悄然具备。
　　1993年11月14日，中共十四届三中全会通过的 《中共中央关于建立社会主义市场经济体制若干问题的决定》提出：“改革外汇管理体制，建立以市场为基础的、有管理的浮动汇率制度和统一规范的外汇市场，逐步使人民币成为可兑换货币。”12月25日，国务院发布 《国务院关于进一步改革外汇管理体制的通知》，中国人民银行随即发布公告，决定从1994年1月1日起，实行银行结售汇制度，改进汇率形成机制，建立统一的、规范化的、有效率的外汇市场。
　　1994年4月4日，银行间外汇市场——中国外汇交易中心系统正式运行。4月18日，中国外汇交易中心开业，我国外汇市场由此进入了统一、规范、快速发展新时期。值得一提的是，1996年1月3日，全国统一的银行间同业拆借市场依托中国外汇交易中心系统开始运行，开启了我国货币市场发展的新征程。
　　经过多年发展，目前上海证券交易所已发展成为拥有股票、债券、基金、衍生品四大类证券交易品种、市场结构较为完整的证券交易所，截至2017年末，沪市上市公司达1396家，总市值33.1万亿元，全年股票累计成交金额51.1万亿元，沪市投资者开户数量达2.6亿户。中国外汇交易中心已成为机构投资者实施流动性管理、资产负债管理、投资交易管理及市场风险管理的重要场所，去年交易量达998万亿元，目前正加快迈向 “全球人民币及相关产品交易主平台和定价中心”。","['中国银行', '银行']"
29,2018,2018,29,小米IPO定价17港元 位于17至22港元招股区间低端,"摘要
【小米IPO定价17港元 位于17至22港元招股区间低端】6月29日午间消息，据IFR，小米IPO定价17港元，位于17至22港元招股区间低端。（凤凰网）


　　6月29日午间消息，据IFR，小米IPO定价17港元，位于17至22港元招股区间低端。　　【延伸阅读】　　小米香港IPO招股遇冷 盈利模式待考　　作为首个同股不同权登陆香港市场的新经济公司，小米IPO销情遇冷。　　“由于此前几只新经济股票在上市股价表现并不理想，客户认购热情不高，我们就限价在18港元下了些单。据了解，很多机构都是以限价的方式认购，小米最终定价可能不会在中上限。”某港股新股基金经理向21世纪经济报道透露。　　小米此次在香港首次公开招股计划发售21.8亿股股份，其中65%属新股，35%为旧股，每股招股价将在17-22港元，募资370.6亿-479.6亿港元，集资金额为370.6亿-479.6亿港元。小米计划于7月9日正式在港交所挂牌上市。　　自10月底以来，多只高科技概念股登陆港股，香港市场的新股IPO认购十分火爆。由于热门新股的中签率极低，为了增加“打新”的命中几率，散户投资者一般会通过券商进行融资交易，即俗称为孖展(margin)认购。通常，散户投资者可以用10%的本金，向券商融资90%，并支付利息等其他费用。　　据业内人士介绍，在港股市场认购新股，一般会分为甲、乙两组，通常认购一两手的散户归为甲组，而乙组的申请认购股数动辄以十万股计，大多为一些机构投资者，或者散户以孖展认购。　　然而，过往散户哄抢新经济股的盛况这次却并未发生，小米正式启动招股后连续两日市场反应冷淡。据港媒报道，6月25日，11家香港本地券商共录得仅74.72亿港元的孖展认购额，以在香港公开发售集资额23.98亿港元计算，超额认购仅2.12倍。6月26日，10家本地券商则累计录得59.44亿港元的孖展认购，超额认购1.48倍，远远落后于市场预期。　　相比之下，自去年第四季以来，至少有五只新经济股票在港IPO，其中阅文集团在招股首日录得1352亿港元的孖展认购额，香港公开发售超额认购624.95倍，公开发售一手中签率仅为7.72%。易鑫、众安在线及雷蛇的首日孖展额均超过100倍。　　“小米招股的表现明显差于市场预期，由于多个新经济公司排队来香港上市，这个板块的题材不再具备稀缺性，对估值的压力也会越来越大，很有可能以定价区间下限定价。而且小米的盈利模式尚未被证明，估值已经超过国际上顶尖的高科技公司，包括苹果、特斯拉等。”交银国际首席策略师洪灏在接受21世纪经济报道记者采访时坦言。　　二级市场表现欠佳　　近期在港上市的多家“独角兽”公司，上市后股价却乏善可陈。　　信诚证券联席董事张智威坦言，今年以来三只代表性的新经济股票阅文集团、易鑫及众安在线股价持续大幅下挫，让投资者心有余悸。　　上述基金经理亦指出：“平安好医生上市后遭遇滑铁卢，亦让很多投资者担忧小米上市后的表现。而且小米估值偏高，投资者整体情绪偏向谨慎。”　　以平安好医生为例，上市稳价期于5月26日正式结束后，次日收盘直线下跌3.2%。相比上市当日最高点的58.7港元，股价下跌20%，与54.8港元的招股价相比，则蒸发了14%。截至6月27日收盘，平安好医生的股价下挫至49.65港元/股。　　众安在线作为国内首家互联网保险公司，去年自9月28日以发行价59.7港元/股在港上市，上市初期股价接连暴涨，盘中曾飙升至97.8港元的高位，市值甚至一度高达1400亿港元。然而，好景不长，截至6月27日收盘，众安在线下跌至49.5港元/股，市值已大幅缩水至235.6亿港元。　　去年11月8日，腾讯旗下的阅文集团在港交所挂牌上市，股价曾一度站上100港元，市值接近1000亿港元。6月27日盘中报71.9港元/股，市值跌至640亿港元，蒸发近400亿港元。　　盈利模式待考　　市场人士指出，这些新经济股票由于缺乏实质的盈利支撑虚高的估值，“破发”在所难免。　　以小米为例，雷军在6月25日的招股记者会上指出：“过去八年很多轮的私募融资，投资者都给了我们很高的估值，三年半以前那轮的估值达到450亿美元。”他强调，小米的盈利模式就是依靠高性价比的硬件，聚集大量的用户，并以互联网服务的模式实现变现。然而根据公司提交的招股书显示，智能手机销售仍是小米收入的主要来源，过去三年，智能手机贡献的总收入占比分别达到80.4%、71.3%、70.3%。　　平安好医生自成立以来持续亏损，从2015年至2017年净亏损分别为3.24亿元、7.58亿元、10.02亿元。　　雷蛇作为全球首个电竞上市公司，市场关注的焦点之一在于何时能扭亏为盈。根据招股书显示，截至去年上半年，公司的经营亏损达到5596万美元，前两年的亏损金额则分别为1208万美元、6313万美元。　　“由于最近港股的市况持续转差，投资者对于新股认购的热情有所降温，港股市场存量资金有限，这也对小米招股带来了一定负面影响。”中国银盛财富管理首席策略师郭家耀向21世纪经济报道记者表示。　　截至6月27日收盘，恒生指数收报28356点，下挫525点或1.8%，连续三个交易日下跌982点或3.3%，创去年12月7日以来收市新低。　　由于美联储加快加息步伐，香港银行同业拆息利率(HIBOR)已持续攀升，投资港股的资金成本不断提高。根据香港财资市场公会的数据，6月27日，隔夜、一个月、三个月的HIBOR分别升至1.25214%、2.01919%、2.08964%。三个月拆息已经连续上升14个交易日，创下2008年以来的新高。　　同时，“港股通”的南下资金也明显放慢了步伐。根据本报记者查阅数据，最近15个交易日，港股通有5个交易日录得净流出，累计金额达到59.15亿元。（来源：21世纪经济报道）


                (原标题：小米IPO定价17港元 位于17至22港元招股区间低端)",[]
30,2018,2018,28,黑龙江证监局推动设立绥化金融工作站,6月28日，黑龙江证监局与绥化市政府签订了《关于促进绥化市资本市场健康发展合作备忘录》，主导设立的第二家金融工作站——绥化金融工作站揭牌成立。依托金融工作站的平台，招商证券与天有为电子有限责任公司对首次公开发行上市辅导达成合作协议，南华期货与海伦兴农科技对场外期权试点、农业产业基金等事项达成全面合作协议。,['招商证券']
31,2018,2018,27,国务院批准武汉邮电科学研究院与电信科学技术研究院实施联合重组,据国资委消息，经报国务院批准，武汉邮电科学研究院有限公司与电信科学技术研究院有限公司实施联合重组。,[]
32,2018,2018,27,政策再放红利助小微企业解决融资难融资贵,近日，央行不断出招，继通过定向降准释放约7000亿元资金支持“债转股”和小微企业融资之后，又联合四部门印发《关于进一步深化小微企业金融服务的意见》(以下简称《意见》)，从货币政策、监管考核、内部管理、财税激励、优化环境等方面提出23条短期精准发力、长期标本兼治的具体措施来缓解小微企业融资难融资贵问题。　　国务院总理李克强在之前的国务院常务会议上说：“我今年特别关心一件事，就是着力解决小微企业融资难、融资贵的问题。金融部门要创新机制模式，抓好政策落实，今年要确保小微企业融资成本降下来！”　　事实上，总理曾在许多场合反复要强调降低小微企业融资成本。小微企业是小型企业、微型企业、家庭作坊式企业、个体工商户的统称。在中国经济时报记者看来，近年来，小微企业对我国经济的贡献越来越大，已经成为市场主体的重要组成部分，对于增强我国经济活力至关重要。　　数据显示，截至2017年末，我国小微企业法人约有2800万户，个体工商户约6200万户。中小微企业(含个体工商户)占全部市场主体的比重超过90%，70%以上的发明专利，60%以上的GDP和50%以上的税收都来自于小微企业。　　同时，小微企业能够吸纳大量劳动人口，对于社会稳定具有重要的意义。今年将有820万高校毕业生、近500万中专毕业生和近百万复转军人以及去产能转岗职工，就业压力仍然很大。要保障这部分人的就业需要全社会拓展就业渠道，进一步推动大众创业、万众创新，支持小微企业不断发展壮大。　　在我国宏观经济形势趋好的背景下，中央及地方政府近年来出台了众多扶持小微企业发展的政策，小微企业增值税免税及“营改增”落地，所得税减税扩大规模，金融机构向小微企业发放小额贷款利息免增值税等政策陆续出台，都为小微企业的生产经营提供了重要的制度保障。　　但是由于很多政策落地和执行有很大难度，小微企业融资难、融资贵的问题没有得到根本性的改善，小微企业在融资过程中难以得到各类金融机构的支持。因此，根据党的十九大报告中对发展小微经济的部署和要求，需要增加金融对实体经济的供给，这不仅需要增加服务小微的金融机构的数量，更要提升这些机构服务质量。　　中国人民银行行长易纲表示，正规金融机构应该成为小微企业融资的主力军，民间融资应成为小微企业融资的重要补充。要坚持财务可持续，调动金融机构积极性，增强金融机构服务小微企业的内在动力。　　在前几天召开的国务院常务会议上，国务院总理李克强确定了进一步缓解小微企业融资难融资贵五方面措施。而在此次常务会议召开后不到一周时间就出台的《意见》，是对以上五方面措施的细化和落实。　　《意见》提出了八个方面的措施来督促和引导金融机构加大对小微企业的金融支持力度，缓解小微企业融资难融资贵，切实降低企业成本，促进经济转型升级和新旧动能转换。　　在这八项措施中，最引人注目的是在货币政策支持方面，《意见》提出增加支小支农再贷款和再贴现额度共1500亿元，下调支小再贷款利率0.5个百分点。将单户授信500万元及以下的小微企业贷款纳入中期借贷便利(MLF)的合格抵押品范围。再加上前几天央行的定向降准措施，将释放资金约2000亿元。　　此外，在财税政策激励方面，从2018年9月1日至2020年底，将符合条件的小微企业和个体工商户贷款利息收入免征增值税单户授信额度上限，由100万元提高到500万元。,['银行']
33,2018,2018,27,广西推出印章管理10条便民举措,"为进一步优化营商环境，广西公安部门27日面向全社会推出印章治安管理10条便民举措，印章办理过程可实现“一次不用跑”，且在一天内完成办理。
　　广西壮族自治区公安厅治安总队政委伍晓阳介绍，10条举措包括取消公章刻制审批，实行公章刻制备案管理，即刻制公章无需到公安机关办理《公章准刻证》，直接持相关证明材料到具备资质的印章制作企业单位办理，印章信息传送到公安机关备案，公安机关进行事中事后监管；新开设企业办理工商注册登记后，凭工商注册受理单即可办理印章；公安部门提供电子印章制作服务，电子印章可实现全国范围内网上签章等。
　　同时，广西公安部门将推出“印章助手”手机APP，单位和个人可以自助办理所有印章业务，做到在手机上自主选择印章制作企业及印章类型、在线提交证明材料、在线支付，并提供快递服务，实现办理印章“一次不用跑”。
　　此外，广西公安部门还将提供多渠道印章信息查验服务，民众可通过广西公安印章网、“广西印章信息”微信公众号、电话等渠道，查询核验印章是否经公安机关备案、备案日期，以及单位或企业名称是否与印章编码相符等服务。",[]
34,2018,2018,28,中国股市有理由经过历练更加健康发展,"我们认为，中国证券市场正在经历一场从过去消息市、题材市、资金市，向国际成熟市场的价值投资、确定性投资、成长性投资跨越，从过去齐涨共跌向优胜劣汰转变。未来好公司、确定性公司、成长性公司将不断走好，绩差公司、靠炒题材过日子的公司，日子将越来越难过。
　　这将是中国资本市场一场走向成熟，走向健康发展的洗礼和变革，这是符合经济规律的发展方向，这是中国资本市场服务经济转型和实体经济发展的必然要求，这也将是未来引领更多投资者进行理性、价值、长期、透明的投资选择。
　　有人担心，中国股市会不会持续下跌？
　　我们认为，短期市场波动会受到多重因素影响，具有一定的随机性、不确定性。但是，如果放眼中国经济和上市公司的基本面，我们就会发现这种担心是不必要的。
　　首先，宏观经济形势是中国证券市场的基本面，从这个角度考量，中国经济增长目前依然处于中高速阶段，近期贸易冲突虽然会带来一些困难，但是中国经济长期向好的基本面不会改变。我国保持经济可持续、高质量发展的势头是有保障的。据统计，过去的11个季度里，中国经济增速都稳定在6.7%到6.9%之间，展现出强大的韧性和稳定性。国家发改委的最新数据显示，5月份全社会用电量同比增长11.4%，增速比去年同期提高6.4个百分点。中国铁路总公司的数据显示，今年前5个月国家铁路货物发送量同比增长6.9%。中国人民银行的数据显示，5月份非金融企业及机关团体中长期贷款增加4031亿元，显示出金融对实体经济的支持力度较为稳固。
　　其次，上市公司质量是中国证券市场的基础，去年以来中国上市公司质量也在不断提高。前几天文章分析，从2009年到2017年，中国指数的平均利润率为11.3%，美国指数的平均利润率为7.4%。另外，除2016年外，这期间中国指数每年的股本回报率也均高于美国指数。今年上市公司一季度报显示，沪深股市3500多家上市公司中，6成多业绩实现同比增长，三成多业绩同比下降。多元电信服务、生命科学工具和服务、建筑材料、家庭非耐用消费品、半导体产品和设备等行业净利润增长率都超过100%。资本市场作为支持经济高质量发展的重要平台，将继续发挥重要支撑作用。
　　第三，证券市场整体估值是不是过高，意味着市场的风险度高低。统计表明，当前上证综指、沪深300指数市盈率约13倍，与英国富时100指数和德国DAX指数的水平相当。而美国道琼斯指数、标准500指数的市盈率都是25倍。无论是自身比较，还是横向比较，我们都可以看到中国证券市场的巨大潜力，沪深股市放在全球市场中比较，也是具有投资价值的。
　　信心的培养和增强是证券市场吸引更多资金进入市场的重要因素，也需要一个过程。虽然，短期看，受国际环境和市场下挫影响，广大投资者的信心受到一定影响。但是，风物长宜放眼量，如果我们看到中国经济在世界上不断成长壮大的方向和趋势，看到中国进一步深化改革、扩大开放、走高质量发展的思想深入人心并落实到行动中。我们坚信，中国股市有理由经过历练更加稳定健康发展，在崇尚价值投资、追求确定性投资、符合国家未来发展方向的新理念指引下，将一步步走向成熟，给广大投资者以积极回报。",['银行']
35,2018,2018,26,朱武祥：企业估值的逻辑与小米估值思考,"小米昨日(6月25日)起招股，据不完全统计前十大券商当日最少共为小米借出了70多亿港元的融资额度，首日认购额度较公开发售部分已超购近2倍，至少有两间券商的融资额度已经借爆。投资者应该如何认识小米的价值？
　　实际上，即将上市的小米一直是企业成长研究领域的热点案例之一，研究目的是探寻中国新经济企业变革性高速发展的核心逻辑，为企业成长模式研究提供新的视角。目前关于小米的企业价值估算有多种不同的说法：600亿美元，700亿美元，800亿美元，1000亿美元。
　　小米应该值多少钱？
　　1。企业价值定义、估值模型及业务构成
　　企业价值已经有科学的定义和成熟的模型方法。企业价值定义为预期未来能够产生的自由现金流的贴现值，由此对应的企业估值模型是最基础的自由现金流贴现模型。现实中，交易导向的投资者会采用可比公司估值模型。包括市销率、EBITDA、市盈率、市净率等。
　　人们常说，投资企业是投资未来。未来由什么构成？企业价值构成简单解构可以分为：当前正在经营的业务价值+新的增长机会价值。麦肯锡把企业业务构成分解为三个层次：当前业务+准备投资的业务+潜在业务。三层次业务价值加总形成了企业总价值。
　　企业新的业务从何处获得？通常归纳为两大来源：内部培育+外部并购。我们认为，企业新业务来源可以细分为四个方面：(1)围绕现有用户内部培育新的产品，扩张新区域；(2)在主业发展过程中形成的资源能力转换为新的产品或业务板块；(3)外部并购；(4)资源能力赋能交易。每种来源又有多种模式，例如，内部培育可以完全自我研发，合作研发，众包研发。不同的模式投资效率差异大。
　　不管采用什么估值模型，首先要对基于企业的业务领域及资源能力分析，对企业进行商业定位。这是一个什么企业？这个企业的核心团队经营理念、价值观是什么？掌握了哪些资源能力？这个企业有哪些资源能力和可以拓展的业务领域？有多大的成长空间？
　　人们总是说，股票市场是价值发现的场所。估值反应的是每个投资者对公司成长预期。对这些问题的回答不同，导致对企业的业务来源及业务领域定位不同，纳入估值范围的业务构成不同，增长率及持续期限假设不同，导致企业估值差异。
　　如果说企业价值是整个冰山，依据财务报表信息估值只能反应浮在水面上的企业价值冰山，因为财务报表信息反应的是当前正在经营的业务的经营成果。招股说明书还提供了企业以往增长机会的来源及方式(内部培育，并购，合作)和准备投资的业务信息，依据招股说明书估值也未必能发现隐藏在水面之下的企业价值驱动因素。
　　总体来说，基于对企业业务来源及模式的看法不同，对企业的估值可以分为：保守估值、稳健估值、风险估值。
　　2。保守估值
　　保守估值是只考虑当前公司正在经营和准备投资的业务(可以是内部培育或并购)，不考虑潜在可能的业务来源。
　　Uber2010年成立，最初的盈利模式很简单：司机与乘客成交额提成20%，2013年营业收入只有2.2亿美元，2014年6月初完成了一笔12亿美元的融资，如何估值？纽约大学斯特恩商学院金融学教授Aswath Damodaran基于全球汽车服务市场及Uber市场份额、市场潜力，认为Uber值59亿美元。2014年6月，参与Uber融资风险资本家 Bill Gurley(Uber董事会成员)，给出了Uber250亿美元的估值，实际交易估值是170亿美元。
　　为什么估值差异这么大？因为这位教授把Uber定位为汽车租赁服务行业。这是一个传统行业，全球汽车租赁服务市场规模1000亿美元左右。这位教授基于出租车服务业的市场规模和Uber市场份额、市场潜力等假设得出59亿美元估值。只有出租车服务市场规模达到3000亿美元，或Uber市场份额能够超过20%，才能达到170亿美元的估值。这个行业不可能达到这个规模。而Uber的投资者基于共享经济理念，把Uber定位为出行行业，可以不断延伸和衍生汽车服务，所在市场规模预期在4500亿—1.3万亿美元之间，只要占据2.5%的份额就可以达到170亿美元的估值，参与Uber投资人认为自己是稳健估值。当然，其他投资人可能认为是风险估值。相比投资人的估值，纽约大学金融学教授对Uber是保守估值。
　　再比如，亚马逊1997年以网上图书零售商定位上市，1998年股价达到124美元，没有盈利。Wolf(《商业周刊》1998年12月14日)推算Amazon124美元的股票价格中，当前业务今后不增长的持续经营价值只能解释5.5美元，剩下的118.5美元需要Amazon在随后的10年内，销售额年均增长率达到59.6%，第10年的销售额为630亿美元。亚马逊能做到吗？
　　美国1998年图书零售业销售额为120亿美元，需要按18%连续增长10年，才能达到628亿美元。全部给Amazon也不够。实际上，美国图书零售历史上的增长率为3%，按此增长率增长到第10年，销售额为195亿美元。Amazon如果只靠网上销售图书，根本不可能支撑其股票价格。
　　因此，如果按网上图书零售商定位亚马逊进行估值，会感觉亚马逊太高估了！但如果你把亚马逊定位为网上沃尔玛，则有可能在10年后实现630亿美元的销售额。
　　当然，这是有风险的！如果你愿意冒这个险，相信贝佐斯的远见及能力，相信亚马逊基于原来售书业务所建立的用户基础、品牌知名度和信息基础，能从销售图书开始，进行一系列新业务扩张，成为网上零售商。你就不会觉得124美元的股价高估。
　　如果你很有商业洞察力，分析亚马逊的资源能力和行事模式，认为亚马逊具有进一步利用用户信息提供数据服务以及获得其他增长机会来源的可能性，你会觉得124美元还有上升空间。
　　3。稳健估值
　　稳健估值，是考虑企业利用掌控的资源能力确定可以产生的、具有竞争优势的新业务机会带来的价值。
　　企业资源能力包括自身拥有的资源能力(包括企业核心团队的经营理念、价值观等)和外部可以利用的资源能力，可以分为：产品、生产要素、经营资源、战略远见、商业洞察、并购及合作交易、风控等经营能力。
　　例如，亚马逊的AWS云服务最初是为解决内部存储问题给企业内部提供的技术服务，这是一项持续投资大、成本高的项目，是成本中心。亚马逊之后将这部分资源能力对外开放，成为亚马逊的新业务，2017年AWS业务营业收入超过200亿美元，占据全球超过40%的份额。2018年第一季度AWS云服务为亚马逊提供了14亿美元的营业利润，转化成了企业的高利润中心。同样的例子还有京东的物流业务、京东金融业务等，把这些资源能力可能产生的新业务机会纳入估值模型，是稳健估值，都属于稳健新业务。
　　新经济企业除了常规的现有业务规模经济、范围经济外，还有网络经济和裂变经济。因此，在分析新经济企业的财务报表时，除了需要分析企业的成本与收益，还有必要分析这些成本形成了哪些资源能力，这些资源能力是否能够开放，能否产生新的业务机会。这也正是新经济企业的价值来源所在。
　　4。风险估值
　　风险估值是指预期企业基于资源能力能够产生、但成功高度不确定的新业务及其价值。
　　比如，按2011年12月初收盘价计算，重庆啤酒整体市值为286亿元。其啤酒业务按2011年净利润的20-25倍估值在32亿-40亿元之间。为什么市值这么高？重庆啤酒的投资价值构成：啤酒业务价值 + 高度不确定的乙肝疫苗业务价值。支撑重庆啤酒高市值主要在于其尚在研发、未经临床诊断检验的乙肝疫苗。1998年以来，重庆啤酒乙肝疫苗概念令该股成为最牛啤酒股，股价一路暴增30多倍。由于乙肝疫苗临床检验不成功，股价暴跌，跌破嘉士伯的增持价，浮亏达到6.98亿。
　　5。小米估值思考
　　回到人们关注的小米估值，估值600亿美元、800亿美元、1000亿美元？都可能！取决于投资者对小米增长机来源及模式的评估。
　　招股说明书已经告知了小米的业务构成：智能手机业务、智能硬件业务以及IoT业务。
　　只基于这些公开业务的增长预期估值(可以有保守、稳健、激进情景)，还是进一步分析小米的资源能力和可能产生的新的业务机会？对小米定位为消费升级新制造业、平台企业、生态企业？采用保守估值、稳健估值还是风险估值？这是投资者的事情，这考验投资者的洞察能力。
　　小米作为新经济的优秀企业，核心团队的商业洞见、经营理念、价值观和商业难题的解题能力确实不同凡响，是小米的核心竞争力。解题能力又源于核心团队的认知能力和解题原理的发现，这是小米业务8年来快速增长的内在基础资源能力。这就像是跳高一样，跨越式跳高最高记录在1908年奥运会，跳到1.9米。那个时候如果设想跳到2.35米，绝大多数人都会觉得不可能实现。但人们后来发现了背越式，背越式的最高记录是2.45米。
　　2013年底小米决定利用用户红利，成立智能硬件生态链事业部。2017年，智能硬件生态链企业销售额超过200亿元，小米是如何实现的？
　　常规方式包括：(1)招兵买马，自我培育，但速度比较慢，招来的人未必优秀，也不容易管控。(2)外部并购，需要花的资金多，并且整合难度大。小米的“解题思路”是“赋能交易”。即既不是内部培育，也不并购，而是利用自己在智能手机快速发展过程中积累的大量用户、工业设计、供应链管控、品牌、渠道、资金等资源能力，与外部优秀创业团队进行资源能力交易，与优秀创业企业共同成长，共享收益。小米在智能硬件生态链领域投资90多家企业。
　　赋能交易模式迅速把小米从一家智能手机企业转化为智能产品生态型企业。生态型企业对于企业价值的提升在于每一个用户产生的网络外部性，用户增加引发交互的增加，进而带来持续不断的价值。可以说，“赋能交易”就是小米的“背越式”，帮助小米在裂变经济的基础上实现了变革性的成长速度。
　　随着小米资源能力的增强，赋能交易模式未来是否还能带来更多的机会？
　　小米以往的业务机会来源以内部培育和赋能交易为主，并购不多。未来是否有能力扩大并购行动？小米的资源能力是否还可以转化裂变出更多的业务机会？是否还可以拓展业务边界？
　　小米推动了人们生活品质的提升；大大提升了“双创”的成功率；小米的“解题思路”和模式可以给其他新经济及传统企业提供借鉴，从而提升社会资源的配置效率。
　　由于企业经营内外环境是变化的，基于未来预期的估值，即使是保守估值也不是绝对安全的，任何估值都有风险。小米招股说明书揭示了诸多风险因素，投资者需要进行风险管理，特别是公众投资者，缺乏信息和谈判地位，需要通过对冲或分散投资来管理风险。
　　作者系清华大学经济管理学院金融系教授","['亚马逊', '沃尔玛', '京东', '重庆啤酒']"
36,2018,2018,29,央行货币政策委员会二季度例会传递了什么信号？,"央行网站消息，6月27日，中国人民银行货币政策委员会2018年第二季度(总第81次)例会在北京召开。
　　记者根据央行网站公布的自1997年以来货币政策委员会例会召开时间计算，2017年第四季度例会为第80次，由此推断2018年第一季度未召开例会。与上次例会相比，本次例会对国内外经济金融形势的分析发生变化，另外提出货币政策“要松紧适度”“主动有序扩大金融对外开放，增强金融业发展活力和韧性”等建议。
　　第一，国内外金融形势发生变化
　　本次会议分析了国内外经济金融形势。会议认为，当前我国经济基本面良好，经济增长保持韧性，总供求总体平衡，增长动力加快转换。内需对经济的拉动不断上升，外贸依存度显著下降，应对外部冲击的能力增强。稳健中性的货币政策取得了较好成效，结构性去杠杆稳步推进，金融风险防控成效初显，金融对实体经济的支持力度较为稳固。国内经济金融领域的结构调整出现积极变化，但仍存在一些深层次问题和突出矛盾，国际经济金融形势更加错综复杂，面临一些严峻挑战和不确定性。
　　而2017年第四季度例会对国内外经济金融形势分析为：当前我国经济金融运行稳中向好，但面临的形势依然错综复杂。全球经济逐步复苏，主要发达国家复苏总体延续，部分新兴经济体仍面临挑战，国际金融市场存在风险隐患。
　　第二，提出货币政策“要松紧适度”
　　本次会议指出，要继续密切关注国际国内经济金融走势，加强形势预判和前瞻性预调微调。稳健的货币政策保持中性，要松紧适度，管好货币供给总闸门，保持流动性合理充裕，引导货币信贷及社会融资规模合理增长。继续深化金融体制改革，健全货币政策和宏观审慎政策双支柱调控框架，疏通货币政策传导渠道。
　　而上次会议中，提到关于货币政策时表述为“密切关注国际国内经济金融运行最新动向和国际资本流动的变化，坚持稳中求进工作总基调，适应经济发展新常态，实施好稳健中性的货币政策，切实管住货币供给总闸门，综合运用多种货币政策工具，保持货币信贷及社会融资规模合理增长，维护流动性合理稳定，提升金融运行效率和服务实体经济能力，有效控制宏观杠杆率。”
　　第三，提出“主动有序扩大金融对外开放”
　　本次会议提出，“按照深化供给侧结构性改革的要求，优化融资结构和信贷结构，提升金融服务实体经济能力。主动有序扩大金融对外开放，增强金融业发展活力和韧性。”
　　在上次会议中表述——“按照深化供给侧结构性改革的要求，优化融资结构和信贷结构，提高直接融资比重。继续深化金融体制改革，健全货币政策和宏观审慎政策双支柱调控框架，深化利率和汇率市场化改革，加强和完善风险管理，守住不发生系统性金融风险的底线”略有区别。
　　本次会议强调，坚持稳中求进工作总基调，综合运用多种货币政策工具，把握好结构性去杠杆的力度和节奏，促进经济平稳健康发展，稳定市场预期，打好防范化解金融风险攻坚战，守住不发生系统性金融风险的底线。
　　本次会议由中国人民银行行长兼货币政策委员会主席易纲主持，货币政策委员会委员连维良、刘伟(财政部)、陈雨露、刘国强、宁吉喆、郭树清、刘士余、潘功胜、田国立、刘世锦、马骏出席会议。丁学东、刘伟(中国人民大学)因公务请假。中国人民银行上海总部、天津分行、西安分行负责同志列席会议。
　　近期委员会完成人员调整
　　6月15日，国务院办公厅发布了关于调整中国人民银行货币政策委员会组成人员的通知，在宣布新任央行行长易纲正式接棒周小川担任主席的同时，有6名新进委员，7名委员不变。财政部副部长刘伟、人民银行副行长陈雨露、清华大学金融与发展研究中心主任马骏、人民银行行长助理刘国强、中国发展研究基金会副理事长刘世锦、中国人民大学校长刘伟等加入中国人民银行货币政策委员会。","['银行', '和信贷']"
37,2018,2018,28,加快发展更高层次的开放型经济,"开放是国家繁荣发展的必由之路。开放带来进步，封闭必然落后。习近平总书记强调，要加快发展更高层次的开放型经济。这是以习近平同志为核心的党中央适应经济全球化新趋势、准确判断国际形势新变化、深刻把握国内改革发展新要求作出的重大战略部署，是决胜全面建成小康社会、开启全面建设社会主义现代化国家新征程、迈向富强民主文明和谐美丽的社会主义现代化强国的必由之路。
　　现实意义
　　以开放促改革、促发展，不仅是我国经济持续增长的基本经验，也是我国现代化建设不断取得新成就的重要法宝。加快发展更高层次开放型经济具有深刻的现实意义。
　　其一，这是适应全球经济格局变化的迫切需要。国际金融危机后，世界经济进入深度调整期，分化调整特征更趋明显。发达国家为摆脱危机纷纷实施量化宽松政策，结构性改革缺乏实质性举措，经济复苏曲折缓慢。发展中国家继续崛起，占全球经济份额上升，但结构调整步伐放缓，追赶势头有所减弱。中国经济保持中高速增长，仍是全球经济重要引擎，但面临全球格局变化的新挑战，要在国际竞争中赢得主动，必须在保持传统竞争优势基础上，加快发展更高层次开放型经济，增强体制机制竞争优势。
　　其二，这是积极参与全球经济治理的客观要求。经过40年改革开放，我国已成为世界第二大经济体、全球第一货物贸易大国，成为全球重要的跨国投资目的地和主要对外投资大国，通过贸易、投资、金融等渠道，国内国际经济的互动效应明显增强，相互联系、相互影响、相互依存不断加深。未来我国与世界经济的关系将更加紧密，与国际经济的互动关系将进一步增强，参与全球经济治理的要求更加紧迫，必须加快发展更高层次开放型经济，增强对外开放优势。
　　其三，这是推动我国经济结构转型升级的必然选择。近年来，我国要素成本持续攀升，资源环境约束加大，传统比较优势明显弱化。与此同时，我国人力资本、科技创新、基础设施、产业集聚等方面的能力持续增强，资本技术密集型的比较优势正在形成和强化，培育国际经济合作和竞争新优势的基础更加坚实。随着经济发展进入新常态，我国优化经济结构、转变经济发展方式的任务更为迫切，既需要通过加快发展更高层次开放型经济，扩大对外开放引进先进要素，提升产业核心竞争力，也需要通过加快发展更高层次开放型经济，改变我国在国际分工中以组装制造为主的局面，全方位参与全球价值链，提高我国产业在全球价值链中的地位。
　　主攻方向
　　当前，世界正处于大发展大变革大调整时期，我国经济正处在转变发展方式、优化经济结构、转换增长动力的攻关期，对外开放面临的国内外形势正在发生深刻复杂变化。如何坚定开启新征程，进一步走向世界、发展更高层次的开放型经济？这需要把握好以下几个主攻方向：
　　第一，构建开放型经济新体制。面对国际国内形势的新变化、新挑战，我们要牢牢抓住体制改革这个“牛鼻子”，加快构建开放型经济新体制，进一步破除体制机制障碍。要以扩大开放促进深化改革，以深化改革促进扩大开放，以体制机制创新赢得国际竞争的主动，为经济发展注入新动力、增添新活力、拓展新空间。在这一过程中，要重视用法治办法解决开放中遇到的问题，完善法治化、国际化、便利化的营商环境；要完善市场准入和监管方式，健全产权保护、信用体系等方面的制度，健全有利于合作共赢的体制机制；要积极主动从制度和规则层面进行改革，适应国际规则新变化，全面推进外贸、外资等领域管理体制便利化，形成同国际贸易投资规则相适应的体制规则。
　　第二，形成全方位开放新格局。坚持引进来与走出去更好结合，在提高引进来质量和水平的同时，支持企业积极稳妥走出去，拓展国民经济发展空间。坚持沿海开放与内陆沿边开放更好结合，优化区域开放布局，在深化沿海开放的同时，推动内陆和沿边地区从开放的洼地变为开放的高地，形成陆海内外联动、东西双向互济的开放格局，进而形成区域协调发展新格局。坚持制造领域开放与服务领域开放更好结合，以高水平开放促进深层次结构调整，在深化制造业开放的同时，重点推进金融、教育、文化、医疗等服务业领域有序开放。坚持向发达国家开放和向发展中国家开放并重，积极发展全球伙伴关系，全面发展同各国的平等互利合作，实现出口市场多元化、进口来源多元化、投资合作伙伴多元化。
　　第三，打造国际合作竞争新优势。要充分利用国际国内两个市场、两种资源，巩固和拓展传统优势，加快培育竞争新优势。要更加注重提高高附加值产品的出口竞争力，深度参与全球经济分工；更加注重提升中国出口在全球价值链的地位，提升技术密集型、高附加值、低资源消耗、低环境污染的产品的出口规模和国际竞争力。此外，还要以创新驱动为导向，以质量效益为核心，大力营造竞争有序的市场环境、透明高效的政务环境、公平正义的法制环境和合作共赢的人文环境，加速培育产业、区位、营商环境和规则标准等综合竞争优势，促进产业转型升级。
　　战略举措
　　当前和今后一个时期，要从培育贸易新业态新模式、推进自由贸易区建设、加快“一带一路”建设、加强创新能力开放合作四方面入手，不断改革完善开放体制，加快发展更高层次的开放型经济，构筑起中国与世界联通的新格局。
　　一是加快培育贸易新业态新模式。外贸新业态是外贸发展的新动能、新亮点。近年来，我国跨境电子商务等新业态新模式快速发展，已经形成了一定的产业集群和交易规模，为促进外贸回稳向好和创新发展发挥了积极作用。一大批企业通过跨境电商平台打造自主品牌，开拓国际市场。新业态已成为促进外贸供给侧结构性改革、培育竞争新优势、建设贸易强国的重要动力，推动大众创业、万众创新的重要平台，提升开放型经济水平的重要渠道。加快培育贸易新业态新模式，就要深化外贸领域供给侧结构性改革，继续推进国际市场布局、国内区域布局、商品结构、经营主体和贸易方式“五个优化”，加快外贸转型升级示范基地、贸易平台、国际营销网络“三项建设”，积极培育贸易新业态新模式，促进加工贸易创新发展，积极扩大进口，进一步提高贸易便利化水平，推进外贸大国向外贸强国转变。要发挥政府引导作用，依托大数据、物联网、移动互联网、云计算等新技术推动服务贸易新模式的发展，加快培育供应链管理、跨境电商等服务新业态，推动国际服务外包转型升级。
　　二是加快推进自由贸易区建设。加快实施自由贸易区战略，是适应经济全球化新趋势的客观要求，是全面深化改革、构建开放型经济新体制的必然选择，也是我国积极运筹对外关系、实现对外战略目标的重要手段。加快实施自由贸易区战略，有助于发挥自由贸易区对贸易投资的促进作用，更好帮助我国企业开拓国际市场，为我国经济发展注入新动力、增添新活力、拓展新空间。下一步要着眼于提高自贸试验区建设质量，对标国际先进规则，强化改革举措系统集成，努力在内外贸、投融资、财政税务、金融创新、入出境等方面，探索更加灵活的政策体系、监管模式、管理体制，加强风险防控体系建设，打造开放层次更高、营商环境更优、辐射作用更强的开放新高地。
　　三是积极推进“一带一路”建设。“一带一路”建设是我国扩大对外开放的重大战略举措，也是今后一段时期对外开放的工作重点。加快发展更高层次开放型经济，就要遵循共商共建共享原则，积极促进“一带一路”国际合作，努力实现政策沟通、设施联通、贸易畅通、资金融通、民心相通，打造国际合作新平台，增添共同发展新动力。要依托“一带一路”建设，夯实与各国全面合作的基础，加强与“一带一路”沿线国家的外交沟通，以经贸合作提升外交互信和安全合作；要聚焦发展这个根本，大力推动互联互通和产业合作，拓展金融合作空间；要提高贸易和投资自由化便利化水平，与相关国家商谈优惠贸易安排和投资保护协定，全面加强海关、检验检疫、运输物流、电子商务等领域合作；要建立多层次的人文合作机制，推动教育、科技、文化、体育、卫生等领域合作。
　　四是加强创新能力开放合作。历史与现实告诉我们，创新推动发展，开放带来进步。在深入实施创新驱动发展战略的当下，创新能力的培养和提升，已成为引进来和走出去的重要内容和关键抓手。站在新时代的起点上，高水平、深层次的开放合作将更加注重“创新能力”的培养和提升。创新能力的引进来和走出去，也将成为资金、技术之外，更具决定作用、持久价值的力量。自主创新不是闭门造车，需要努力学习先进、用好全球资源、培养国际视野。不拒众流，方为江海。中国正在向建设世界科技强国的目标前进，更需要消除科技创新中的“孤岛”现象，需要通过开放合作不断充实自己的创造力、筑牢自己的创新力。当前，要以全球视野、国际标准，建设一批在国际上有影响力的科学机构、大科学中心，培养在国际上有影响力的科学家群体；要产生一些有国际影响力的基础研究成果，孕育出一些变革性的新理念。人才是创新能力培养的“牛鼻子”，是科技创新最关键的因素。创新驱动实质上是人才驱动。在这一过程中，不仅要“引资”，更要“引智”，不仅要“招商”，更要“聚才”，要不断优化科技创新的环境，继续深化科技体制改革，不断激发人才的创新活力，不断凝聚创新发展的新动能。",['国际贸易']
38,2018,2018,29,我国西部五省份金融部门参与建设“南向通道”,"摘要
【我国西部五省份金融部门参与建设“南向通道”】29日，重庆、广西、贵州、甘肃、青海的人民银行分支机构，与五省份建设中新互联互通示范项目南向通道的牵头部门，在重庆签订《支持建设中新互联互通项目南向通道合作备忘录》，将充分发挥金融体系作用，支持“南向通道”建设。（新华网）


　　29日，重庆、广西、贵州、甘肃、青海的人民银行分支机构，与五省份建设中新互联互通示范项目南向通道的牵头部门，在重庆签订《支持建设中新互联互通项目南向通道合作备忘录》，将充分发挥金融体系作用，支持“南向通道”建设。
　　中新(重庆)战略性互联互通示范项目是中国和新加坡第三个政府间合作项目。“南向通道”是在该项目框架下，中国西部相关省份与东盟国家合作打造的国际贸易物流通道。该通道利用铁路、公路、水运、航空等运输方式，由重庆向南经贵州等地，通过广西北部湾等沿海沿边口岸，通达新加坡等东盟主要物流节点，已成为西部地区便捷的出海通道。
　　据介绍，《支持建设中新互联互通项目南向通道合作备忘录》主要内容包括扩大人民币跨境使用、共同引导五地金融机构支持南向通道关键节点基础设施项目建设、加大债券发行和跨境融资的支持、加大对物流企业的金融支持、促进贸易和物流企业与银行业金融机构的供需对接、共同推动辖区金融机构建立常态化合作机制等11条具体措施。
　　人民银行国际司相关负责人表示，人民银行支持人民银行五地分支机构结合自身职责和“南向通道”建设需求，积极推动金融部门支持“南向通道”建设，共同推动将“南向通道”建设成有机衔接丝绸之路经济带和21世纪海上丝绸之路的国际陆海贸易新通道，助力“一带一路”和长江经济带建设。
　　“金融部门的参与，是‘南向通道’建设的新突破。”中新(重庆)战略性互联互通示范项目管理局局长韩宝昌说，“南向通道”常态化运营9个月以来，货运量快速增长的同时，也面临着关键物流节点基础设施建设滞后、物流贸易企业融资难、跨区域跨领域金融需求无法满足等短板，金融部门的参与将为“南向通道”的发展注入新动力。
　　数据显示，自去年9月底常态化运营以来，南向通道铁海联运班列已实现每周双向3班对开，已运营超过200班，内外贸港口已覆盖东亚、东南亚、非洲、美洲、中东在内的45个国家和地区中的82个港口。",[]
39,2018,2018,29,外汇局：3月末我国全口径外债余额18435亿美元,"摘要
【外汇局：3月末我国全口径外债余额18435亿美元】外汇局消息，截至2018年3月末，我国全口径（含本外币）外债余额为115921亿元人民币（等值18435亿美元）。（证券时报）


　　外汇局消息，截至2018年3月末，我国全口径(含本外币)外债余额为115921亿元人民币(等值18435亿美元)。",[]
40,2018,2018,28,消费投资齐发力 内需支撑经济稳中向好,"展望下半年，接受中国证券报记者采访的专家认为，中国经济对出口依赖度已下降，内需将主导经济发展走向。基建投资下半年有望企稳回升；消费结构变化，服务消费比重上升，消费升级将为经济增一抹亮色。
　　消费拉动作用凸显
　　总的来看，下半年消费增速或比较稳定。兴业银行首席经济学家鲁政委认为，一是未来居民收入增速料维持稳定，有助于托底消费；二是零售类上市公司货币资金增速对于消费品零售增速有一定的领先性。数据显示，第一季度零售上市公司货币资金同比增长13.5%，较去年末出现明显反弹，折射未来消费增长潜力。
　　平安证券首席经济学家张明认为，消费亮点在于服务品消费占居民总体支出比重进一步上升。国家统计局数据显示，5月限额以上单位通讯器材类、家用电器和音像器材类商品零售额同比分别增长12.2%和7.6%，增速分别比上月加快1.4和0.9个百分点；化妆品类商品零售额保持10%以上增长。
　　对于扩大消费需求，中国人民大学经济学院副院长陈彦斌指出，一是缩小贫富差距，着力提高居民尤其是中低收入群体收入水平；二是完善社会保障体系，解决“上学难、看病难、养老难”等问题，减少预防性储蓄；三是深化供给侧结构性改革，提高产品质量，满足居民潜在的高品质消费需求，包括高品质教育和医疗等民生产品与服务。
　　此外，新时代证券首席经济学家潘向东表示，个人所得税调整有利于增加居民可支配收入，从而促进消费。
　　投资支撑效应增强
　　“固定资产投资是决定下半年经济走势的重要因素。”摩根士丹利华鑫证券首席经济学家章俊表示，固定资产投资要看基建与房地产，下半年基建投资由于政策放宽可能触底回升，房地产投资将缓慢下行。
　　“基建投资目前面临的最大困难是融资资金来源紧张，未来基建资金来源可能会有所好转。”国金宏观首席分析师边泉水认为，一是今年前五个月财政收入同比增长较高，预计二季度末到三季度财政支出会加快，对基建有一定支撑；二是今年地方政府专项债额度是1.35万亿，与去年的六千多亿相比增长较多，最近地方政府发债进程是加快，这部分资金也有可能用来支持基建；三是PSL资金也有可能支持基建触底回升。
　　鲁政委认为，制造业投资成为稳定固定资产投资的重要支柱。统计局数据显示，1-5月，制造业投资累计增长5.2%，增速较2017年提高0.4个百分点。为缓解中小企业融资困难，今年以来，政府相继出台多种措施降费减税，提升投资意愿。
　　展望未来，鲁政委表示，从需求端看，前期外需好转带动出口导向制造业投资回升。从资金端看，前期企业利润改善叠加结构性去杠杆带动民营企业加杠杆，也将改善制造业企业投资资金来源。潘向东预计，后续还将有更多缓解中小企业融资问题的政策出台，下半年民营企业、中小企业融资困境将有所缓解，整体制造业投资增速可能有所回升。
　　供给端来看，章俊认为，目前高污染、高耗能等产能出清已取得阶段性成果，下一步主要是推动产业升级。针对产业升级中企业资金面可能会遇到的困难，政府可能会加大产业政策的引导和支持，支持与未来发展相关的高新技术企业进行研发投资，在货币信贷政策和财政税收政策方面给予支持。","['兴业银行', '摩根士丹利', '房地产']"
41,2018,2018,28,天津东丽区加强环境保护 改善生态环境,"6月26日，东丽区召开环境保护专题会议，研究进一步改善东丽区生态环境，加强环境保护的工作举措。区委副书记、区长孔德昌出席会议并讲话，副区长李光华主持会议。 
　　会上，区“散乱污”企业综合整治办公室、区清指办、区河长办分别就东丽区“散乱污”企业整治、大气污染防治、黑臭水体治理工作进行了汇报，并安排部署下一阶段工作。 
　　孔德昌指出，加强生态环境保护是重要的政治任务，同时也是关系民生的重大社会问题。我们必须要把广大人民群众热切期盼的生态环境质量改善放在重要位置抓严抓实。中央环保督察组即将开始“回头看”检查，全区各单位各部门要以此为契机，进一步强化做好环保工作的责任感、紧迫感，准确把握“回头看”的各项要求，主动发现问题，主动解决问题，主动实施问责，严格落实“党政同责”“一岗双责”，提高工作标准，细化工作举措，坚持问题导向，做到“问题不查清不放过、整改不到位不放过、责任不落实不放过、群众不满意不放过”，不折不扣地抓好生态环境改善。 
　　孔德昌还就大气污染防治、“散乱污”企业综合整治、黑臭水体整治等工作分别提出具体要求。他强调，大气污染防治要切实加大综合执法力度，处理好拆迁工期与扬尘管控的关系，优化交通组织，严查严管夜间渣土运输；“散乱污”企业综合整治要在6月底前完成关停取缔类和原地提升改造类的整治工作，加强巡查和日常监管，加快搬迁改造企业的整治进度；黑臭水体整治要增强大局意识，加强组织领导，做好部门间的沟通、支持和配合，形成全区共治的强大合力。按照标本兼治、重在治本的原则，研究解决垃圾出路问题，并组织实施水系循环连通，彻底解决污水排放问题，实现根治黑臭水体、长效保持治理成果的目标。",['强生']
42,2018,2018,28,朗诗绿色集团出售海宁地块80％权益 代价2.24亿元,"朗诗绿色集团有限公司6月28日公告称，公司全资附属公司杭州朗辉及杭州朗杉与杭州国俊及无锡万都订立协议，杭州国俊及无锡万都同意分别收购杭州朗杉40%股权及杭州朗杉40%债权，总代价2.24亿元。
　　公告披露，杭州朗杉40%股权转让价为200万元，杭州朗杉40%债权转让价为1.1亿元。于该公告日期，杭州朗杉的实缴出资额为500万元，杭州朗辉授予杭州朗杉的债权为3.15亿元。
　　根据该协议条款，杭州国俊及无锡万都须于签署该协议后五个工作日内，分别向杭州朗辉支付杭州朗杉40%股权转让价及杭州朗杉40%债权转让价。
　　另外，杭州朗杉持有项目公司海宁朗宏房地产开发有限公司80%股权，而项目公司持有目标项目全部权益。
　　据观点地产新媒体了解，目标项目指编号为海国用(2014)第06540号《国有土地使用证》项下土地，坐落于海宁市长安镇仰山路东侧、01省道北侧，土地用途为商业、住宅用地，土地使用权面积为3万平方米。
　　对于此次出售交易，朗诗绿色集团表示，透过出售杭州朗杉股权引入杭州国俊及无锡万都作为合作伙伴，共同开发目标项目有助集团分散经营风险，提升资金效率及带来销售收益，且项目将继续由朗诗负责操盘管理，符合集团资产轻型化的发展战略。","['朗诗绿色集团', '房地产']"
43,2018,2018,28,央行二季度例会：稳健的货币政策保持中性 要松紧适度,中国人民银行货币政策委员会2018年第二季度(总第81次)例会于6月27日在北京胜利召开。　　会议分析了国内外经济金融形势。会议认为，当前我国经济基本面良好，经济增长保持韧性，总供求总体平衡，增长动力加快转换。内需对经济的拉动不断上升，外贸依存度显著下降，应对外部冲击的能力增强。稳健中性的货币政策取得了较好成效，结构性去杠杆稳步推进，金融风险防控成效初显，金融对实体经济的支持力度较为稳固。国内经济金融领域的结构调整出现积极变化，但仍存在一些深层次问题和突出矛盾，国际经济金融形势更加错综复杂，面临一些严峻挑战和不确定性。　　会议指出，要继续密切关注国际国内经济金融走势，加强形势预判和前瞻性预调微调。稳健的货币政策保持中性，要松紧适度，管好货币供给总闸门，保持流动性合理充裕，引导货币信贷及社会融资规模合理增长。继续深化金融体制改革，健全货币政策和宏观审慎政策双支柱调控框架，疏通货币政策传导渠道。按照深化供给侧结构性改革的要求，优化融资结构和信贷结构，提升金融服务实体经济能力。主动有序扩大金融对外开放，增强金融业发展活力和韧性。　　会议强调，要以习近平新时代中国特色社会主义经济思想为指导，认真贯彻落实党的十九大和政府工作报告精神，继续按照党中央、国务院的决策部署，坚持稳中求进工作总基调，综合运用多种货币政策工具，把握好结构性去杠杆的力度和节奏，促进经济平稳健康发展，稳定市场预期，打好防范化解金融风险攻坚战，守住不发生系统性金融风险的底线。　　本次会议由中国人民银行行长兼货币政策委员会主席易纲主持，货币政策委员会委员连维良、刘伟(财政部)、陈雨露、刘国强、宁吉喆、郭树清、刘士余、潘功胜、田国立、刘世锦、马骏出席会议。丁学东、刘伟(中国人民大学)因公务请假。中国人民银行上海总部、天津分行、西安分行负责同志列席会议。,[]
44,2018,2018,29,河南将大力推进构树扶贫工程,"记者从近日在河南兰考召开的全国构树扶贫工程现场观摩交流会上获悉，为进一步做好精准扶贫工作，河南省提出将大力推进构树扶贫工程，省财政每年将拿出3000万-5000万元，对构树发展好的市县进行奖补，努力将河南打造成构树产业的特色基地。
　　中国科学院院士匡廷云介绍，杂交构树是中国原创的、拥有自主知识产权的非转基因树种，具有高利用率、高营养价值、耐采伐、适应性强等特点，推广杂交构树对于保证我国的粮食安全和推动农业供给侧改革具有重要意义。
　　据介绍，河南是畜牧大省，发展构树种植市场广阔，潜力很大。目前河南省已种植构树3.19万亩，形成了组培、联苗、大田种植、饲贮、深加工等全产业链，带动2137个贫困户实现年户均增收8000元左右。预计今年河南构树种植面积将达到5万亩，2020年全省构树的种植面积将达到20万亩。
　　会上，国务院扶贫办主任刘永富对河南构树产业的发展表示肯定。他说，河南是中原大省，在农业产业化、规模化和现代化方面很有经验，希望河南将这些经验用在构树产业的发展上，取得事半功倍的效果。
　　据悉，兰考是国务院确定的构树扶贫工程试点县。目前，兰考将构树种植与发展畜牧业相结合，形成了鸡、鸭、牛、羊、驴养殖和饲草种植的“5+1”模式，从打造完整产业链条、探索产业扶贫模式、出台发展引导政策、开展工程技术研发四个方面着手，为全国构树产业扶贫探路示范。",[]
45,2018,2018,29,前5个月制造业投资回升 专家：增速尚处低位 亟待组合施策,"前5个月制造业投资出现回升势头，专家提醒——增速尚处低位亟待组合施策
　　
　　制造业投资虽连续两个月回升，但总体仍处于较低水平，对全部投资增长的贡献率也处在低位徘徊，未来不排除继续下行的可能。专家表示，当务之急要打好“增、抑、降”的组合拳，推进各项政策举措真正落地，尽快恢复和提升制造业投资活力——
　　国家统计局近日发布的数据显示，今年前5个月，我国制造业投资增长5.2%，比前4个月提高0.4个百分点，连续两个月出现回升势头。
　　对此，国家统计局新闻发言人毛盛勇从最终需求、资金来源、投资信心及政策效应等角度分析了原因。多位专家接受经济日报记者采访时表示，应打好“增、抑、降”组合拳，尽快恢复和提升制造业投资活力。
　　投资总体仍处较低水平
　　“今年以来，社会消费品零售总额总体增长较快，1月份至5月份同比增长9.5%，加上出口延续了去年以来稳中有进的较好势头，共同拉动了制造业投资的增长。”毛盛勇表示，从资金来源来看，1月份至4月份规模以上工业企业利润增长15%，保障了投资力度。
　　从制造业投资预期来看，今年以来制造业PMI长期保持在景气区间内，特别是5月份制造业PMI为51.9%，比上月提高了0.5个百分点，工业品出厂价格也保持在比较理想的水平。此外，中央为促进实体经济发展出台了一系列简政减税降费措施，一定程度上提振了制造业信心。
　　不过，仅凭两个月数据的回升，尚不足以对制造业投资未来趋势作出判断。“制造业投资虽连续两个月回升，但总体仍在较低水平，对全部投资增长的贡献率也处于低位徘徊，未来不排除继续下行的可能。”中国宏观经济研究院投资所研究员刘立峰在接受经济日报记者采访时说。
　　制造业投资增幅从2011年的阶段性高点37.7%，迅速下降到2017年的3.1%，6年间下跌了34.6个百分点；同时制造业投资占全部固定资产投资的比例由33.9%下降到30.6%，制造业对全部投资增长的贡献率由47.9%下降到16.4%。
　　刘立峰认为，制造业投资增长的持续下滑不是一个孤立和短期的现象，而是影响制造业发展的矛盾和问题不断积累、持续爆发的结果，“要扭转这一颓势，必须多措并举，尽最大努力恢复制造业投资的增长活力”。
　　多因素导致投资意愿下降
　　专家表示，近年来制造业投资增速下滑，既有发展阶段转变和增长动能转换等积极主动调整因素，也存在企业投资意愿不足、要素成本上升、转型升级难度大等现实问题。
　　数据显示，2015年至2017年，规模以上工业企业利润分别增长-2.3%、8.5%和21%，利润大幅增长却没有换来制造业投资的增长；2017年，工业产能利用率为77%，为近5年来最高水平，同样没有转化为制造业投资的增长。
　　“目前，制造业产能过剩仍是普遍现象，再加上其他一些因素，内外需扩张又受到多重限制，制造业企业对未来的市场预期并不乐观，这也是企业投资意愿下降的原因之一。”刘立峰说。
　　金融、房地产挤出效应不容忽视。炒房、炒汇、炒期货获得利润过于轻松，不需要过多的土建和设备投资，不需要技术和工艺创新，不需要培养大批的技术工人和工程师，不需要工匠精神和潜心钻研，越来越多的企业把投资重点转移到银行理财、信托投资、股权投资及不动产等领域，原本应投入到制造业的资金被抽走或截流，不仅对制造业投资产生挤出效应，还严重抑制了企业的创新动力。
　　要素成本明显上升、企业投资升级难度较大等因素客观上也制约了制造业投资增长。一方面，人口红利减弱、土地及人工成本上涨、环保治理成本增加、制度性成本较高等，抑制了制造业投资的扩张，也造成了纺织、化工、电子等向东南亚转移；另一方面，对于大多数企业来说，从以往依赖劳动力和资源的粗放发展转向依赖技术和创新的集约发展，这一转型并不容易，“不转型是等死，转型是找死”的现象仍较为普遍。
　　提升活力要打好“组合拳”
　　“制造业投资增长不足，对制造业转型升级、企业技术进步等都带来了不利影响。当务之急，就是要打好‘增、抑、降’组合拳，推进各项政策举措真正落地，尽快恢复和提升制造业投资活力。”刘立峰说。
　　所谓“增”，就是要增强企业的投资意愿。刘立峰表示，财政和货币政策应保持总需求的适度合理扩张，进一步加大服务业等领域的开放力度，出台更多吸引外资的优惠政策；在贸易保护主义和逆全球化的情况下，要加快推进“一带一路”建设，加强与欧洲、拉美等国家的合作，对冲外贸出口下行风险。同时，要加强企业家财产保护，营造保护企业家合法权益的法治环境；加强政府诚信建设，促进政府诚信施政；加大知识产权保护力度，对侵权行为给予严厉惩处。
　　所谓“抑”，就是要下决心抑制资产泡沫。“要促进制造业投资复苏，就必须坚决遏制房地产和金融投机活动。”刘立峰指出，要加强对房地产信贷闸门的控制，建立房地产稳定发展的长效机制；要推动金融机构去通道、去链条、降杠杆，为实体经济提供针对性强、附加值高的金融服务，要畅通IPO通道，加强债券市场建设，提高资产证券化效率，让产业资本更具流动性，让更多金融资本愿意投资制造业。
　　所谓“降”，就是要推动企业减负担、降成本。刘立峰建议，在劳动合同管理上，应更好平衡企业和劳动者的权益，给企业更多的自主权，让企业可以优胜劣汰，让能者多得，让多劳者多得。清理和取消部分政府性基金和行政事业性收费，阶段性下调企业社会保险单位缴费比例，加大对企业污染治理的财政补贴和财政投资力度，避免由企业单独承担环保成本，进一步深化企业投资项目审批及商事制度改革。
　　刘立峰表示，除了通过优化营商环境等举措外，政府还要积极引导企业转型升级，“比如，遴选实施一批制造业标志性项目，引导企业参与承担相关任务，采取基金、贴息、贷款风险补偿等方式支持新产业开发；再如，在政府工程招标、政府采购中给予中小企业同等待遇，实施企业增加研发投入与申请财政补助和奖励挂钩制度，等等”。","['房地产', '银行', '保险']"
46,2018,2018,29,五年来我国软件产业规模和效益同步提升,"工业和信息化部部长苗圩在29日表示，五年来，我国软件产业规模和效益同步提升，企业实力和创新能力显著增强，融合应用持续深入，中国软件技术、产品、服务解决方案“走出去”步伐逐渐加快。
　　苗圩在第二十二届中国国际软件博览会上介绍，2017年，我国实现软件业务收入5.5万亿元，是五年前的2.2倍；规模以上软件企业超过3.5万家，有效支撑服务各行业各领域发展；工业企业数字化研发设计工具普及率和关键工序数控化率分别达到66.4%和47.4%，比五年前提高17.6和22.6个百分点，有力支撑了国民经济和社会发展。
　　“我们将围绕制造强国、网络强国建设，把握数字化、网络化、智能化发展契机，加快核心技术创新，深化融合应用，优化产业发展环境，做大做强软件产业，培育新的增长点、形成新动能，助力现代化经济体系建设。”苗圩说。
　　中国国际软件博览会是软件和信息技术服务业领域规模最大、最具影响力、持续时间最长的软件专业展会。本届博览会以“新时代新理念新软件”为主题，会上将首次举办工业互联网安全精英邀请赛，分享和展示工业互联网安全最新技术进展，挖掘工业互联网安全优秀团队及人才。",['中国软件']
